member_registered_location,Cardiff,Gwynedd,Swansea,Topic
Aberdeen City,0.0,0.0,0.0,Design
Aberdeenshire,0.0,0.0,0.0,Design
Adur,0.0,0.0,0.0,Design
Allerdale,0.0,0.0,0.0,Design
Amber Valley,0.0,0.0,0.0,Design
Angus,0.0,0.0,0.0,Design
Antrim and Newtownabbey,0.0,0.0,0.0,Design
Argyll and Bute,0.0,0.0,0.0,Design
Armagh Banbridge and Craigavon,0.0,0.0,0.0,Design
Arun,0.0,0.0,0.0,Design
Ashfield,0.0,0.0,0.0,Design
Ashford,0.0,0.0,0.0,Design
Aylesbury Vale,0.0,0.0,0.0,Design
Babergh,0.0,0.0,0.0,Design
Barking and Dagenham,0.0,0.0,0.0,Design
Barnet,0.0,0.0,0.28790786948176583,Design
Barnsley,0.0,0.0,0.0,Design
Basildon,0.0,0.0,0.8620689655172413,Design
Basingstoke and Deane,0.0,0.0,0.0,Design
Bassetlaw,0.0,0.0,0.0,Design
Bath and North East Somerset,0.09930486593843098,0.0,0.0,Design
Bedford,0.0,0.0,0.0,Design
Belfast,0.0,0.0,0.0,Design
Bexley,0.0,0.0,0.0,Design
Birmingham,0.7763975155279503,0.0,0.0,Design
Blaby,0.0,0.0,0.0,Design
Blackburn with Darwen,0.0,0.0,0.0,Design
Blackpool,0.0,0.0,0.0,Design
Bolsover,0.0,0.0,0.0,Design
Bolton,0.0,0.0,0.0,Design
Bournemouth,0.0,0.0,0.0,Design
Bracknell Forest,0.0,0.0,0.0,Design
Bradford,0.0,0.0,0.0,Design
Braintree,0.0,0.0,0.0,Design
Breckland,0.0,0.0,0.0,Design
Brent,0.0,0.0,0.0,Design
Brentwood,0.0,0.0,0.0,Design
Brighton and Hove,0.07230657989877079,0.0,0.0,Design
"Bristol, City of",2.0281321557082106,0.0,0.16355904481517827,Design
Broadland,0.0,0.0,0.0,Design
Bromley,0.0,0.0,0.0,Design
Bromsgrove,0.0,0.0,0.0,Design
Broxbourne,0.0,0.0,0.0,Design
Broxtowe,0.0,0.0,0.0,Design
Burnley,0.0,0.0,0.0,Design
Bury,0.0,0.0,0.0,Design
Calderdale,0.0,0.0,0.0,Design
Cambridge,0.0,0.0,0.0,Design
Camden,0.0,0.0,0.011527377521613834,Design
Canterbury,0.0,0.0,0.0,Design
Carlisle,0.0,0.0,0.0,Design
Castle Point,0.0,0.0,0.0,Design
Central Bedfordshire,0.0,0.0,0.0,Design
Charnwood,0.0,0.0,0.0,Design
Chelmsford,0.0,0.0,0.0,Design
Cheltenham,0.0,0.0,0.42016806722689076,Design
Cherwell,0.0,0.0,0.0,Design
Cheshire East,0.0,0.0,0.0,Design
Cheshire West and Chester,0.0,4.0,0.0,Design
Chesterfield,0.0,0.0,0.0,Design
Chichester,0.0,0.0,0.0,Design
Chiltern,0.0,0.0,0.0,Design
Chorley,0.0,0.0,0.0,Design
Christchurch,0.0,0.0,0.0,Design
City of Edinburgh,0.13531799729364005,0.0,0.0,Design
City of London,0.04134427972358396,0.0,0.0324847912113874,Design
Clackmannanshire,0.0,0.0,0.0,Design
Colchester,0.0,0.0,0.0,Design
Corby,0.0,0.0,0.0,Design
Cornwall,0.0,0.0,0.0,Design
Cotswold,0.0,0.0,0.0,Design
County Durham,0.0,0.0,0.0,Design
Coventry,0.0,0.0,0.0,Design
Craven,0.0,0.0,0.0,Design
Crawley,0.0,0.0,0.0,Design
Croydon,0.0,0.6006006006006006,1.5015015015015014,Design
Dacorum,0.0,0.0,0.0,Design
Darlington,0.0,0.0,0.0,Design
Dartford,0.0,0.0,0.0,Design
Daventry,0.0,0.0,0.0,Design
Derby,0.0,0.0,0.0,Design
Derbyshire Dales,0.0,0.0,0.0,Design
Doncaster,0.0,10.0,0.0,Design
Dover,0.0,0.0,0.0,Design
Dudley,0.0,0.0,0.0,Design
Dundee City,0.0,0.0,40.0,Design
Ealing,0.0,0.0,0.08673026886383348,Design
East Ayrshire,0.0,0.0,0.0,Design
East Cambridgeshire,0.0,0.0,0.0,Design
East Coast,0.0,0.0,0.0,Design
East Devon,0.0,0.0,0.0,Design
East Dorset,0.0,0.0,0.0,Design
East Dunbartonshire,0.0,0.0,0.0,Design
East Hampshire,0.0,0.0,0.0,Design
East Hertfordshire,0.0,0.0,0.0,Design
East Lindsey,0.0,0.0,0.0,Design
East Lothian,0.0,0.0,0.0,Design
East Northamptonshire,0.0,0.0,0.0,Design
East Renfrewshire,0.0,0.0,0.0,Design
East Riding of Yorkshire,0.0,0.0,0.0,Design
East Staffordshire,0.0,0.0,0.0,Design
Eastbourne,0.0,0.0,0.0,Design
Eastleigh,0.0,0.0,0.0,Design
Eden,0.0,0.0,0.0,Design
Elmbridge,0.0,0.0,0.0,Design
Enfield,0.0,0.0,0.0,Design
Epping Forest,0.0,0.0,0.0,Design
Epsom and Ewell,0.0,0.0,0.0,Design
Erewash,0.0,0.0,0.0,Design
Exeter,0.0,0.0,0.0,Design
Falkirk,0.0,0.0,0.0,Design
Fareham,0.0,0.0,0.0,Design
Fenland,0.0,0.0,0.0,Design
Fermanagh and Omagh,0.0,0.0,0.0,Design
Fife,0.0,0.0,0.0,Design
Forest Heath,0.0,0.0,0.0,Design
Forest of Dean,0.0,0.0,0.0,Design
Gateshead,0.0,0.0,0.0,Design
Gedling,0.0,0.0,0.0,Design
Glasgow City,0.0,0.0,0.0,Design
Gloucester,0.0,0.0,0.0,Design
Gravesham,0.0,0.0,0.0,Design
Great Yarmouth,0.0,0.0,0.0,Design
Greenwich,0.0,0.0,0.0,Design
Guildford,0.0,0.0,0.0,Design
Hackney,0.0,0.0,0.0,Design
Halton,0.0,0.0,0.0,Design
Hammersmith and Fulham,0.0,0.0,0.0,Design
Harborough,0.0,0.0,0.0,Design
Haringey,0.0,0.0,0.0,Design
Harlow,0.0,0.0,0.0,Design
Harrogate,0.0,0.0,0.0,Design
Harrow,0.0,0.0,0.0,Design
Hart,0.0,0.0,0.0,Design
Hastings,0.0,0.0,0.0,Design
Havant,0.0,0.0,0.0,Design
Havering,0.0,0.0,0.0,Design
"Herefordshire, County of",9.523809523809524,0.0,4.761904761904762,Design
Hertsmere,0.0,0.0,0.0,Design
High Peak,0.0,0.0,0.0,Design
Highland,0.0,0.0,0.0,Design
Hillingdon,0.0,0.0,0.0,Design
Hinckley and Bosworth,0.0,0.0,0.0,Design
Horsham,0.0,0.0,0.0,Design
Hounslow,0.0,0.0,0.0,Design
Huntingdonshire,0.0,0.0,0.0,Design
Hyndburn,0.0,0.0,0.0,Design
Ipswich,0.0,0.0,0.0,Design
Isle of Wight,0.0,0.0,0.0,Design
Islington,0.023665838362323985,0.0,0.011832919181161992,Design
Kensington and Chelsea,0.0,0.0,0.0,Design
King's Lynn and West Norfolk,0.0,0.0,0.0,Design
"Kingston upon Hull, City of",0.0,0.0,0.0,Design
Kingston upon Thames,0.0,0.0,0.0,Design
Kirklees,0.0,0.0,0.0,Design
Knowsley,0.0,0.0,0.0,Design
Lambeth,0.0,0.0,0.08434073657576609,Design
Lancaster,0.0,0.0,0.0,Design
Leeds,0.0,0.0,0.0,Design
Leicester,0.0,0.0,0.0,Design
Lewes,0.0,0.0,0.0,Design
Lewisham,0.07686395080707148,0.0,0.0,Design
Lincoln,0.0,0.0,0.0,Design
Liverpool,0.0,0.0,0.0,Design
Luton,0.0,0.0,0.0,Design
Maidstone,0.0,0.0,0.0,Design
Malvern Hills,0.0,0.0,0.0,Design
Manchester,0.0,0.09615384615384616,0.19230769230769232,Design
Mansfield,0.0,0.0,0.0,Design
Medway,0.0,0.0,0.0,Design
Melton,0.0,0.0,0.0,Design
Mendip,0.0,0.0,0.0,Design
Merton,0.0,0.0,0.0,Design
Mid Suffolk,0.0,0.0,0.0,Design
Mid Sussex,0.0,0.0,0.0,Design
Mid and East Antrim,0.0,0.0,0.0,Design
Middlesbrough,0.0,0.0,0.0,Design
Midlothian,0.0,0.0,0.0,Design
Milton Keynes,0.0,0.0,0.0,Design
Mole Valley,0.0,0.0,0.0,Design
Moray,0.0,0.0,0.0,Design
New Forest,0.0,0.0,0.0,Design
Newark and Sherwood,0.0,0.0,0.0,Design
Newcastle upon Tyne,4.761904761904762,0.0,0.0,Design
Newcastle-under-Lyme,0.0,0.0,0.0,Design
Newham,0.0,0.0,0.0,Design
Newry Mourne and Down,0.0,0.0,0.0,Design
North Ayrshire,0.0,0.0,0.0,Design
North Dorset,0.0,0.0,0.0,Design
North East Derbyshire,0.0,0.0,0.0,Design
North East Lincolnshire,0.0,0.0,0.0,Design
North Hertfordshire,0.0,0.0,0.0,Design
North Lanarkshire,0.0,0.0,0.0,Design
North Lincolnshire,0.0,0.0,0.0,Design
North Norfolk,0.0,0.0,0.0,Design
North Somerset,0.0,0.0,0.0,Design
North Tyneside,0.0,0.0,0.0,Design
North Warwickshire,0.0,0.0,0.0,Design
North West Leicestershire,0.0,0.0,0.0,Design
Northampton,0.0,0.0,0.0,Design
Northumberland,0.0,0.0,0.0,Design
Norwich,0.0,0.0,0.0,Design
Nottingham,0.0,0.0,0.0,Design
Nuneaton and Bedworth,0.0,0.0,0.0,Design
Oadby and Wigston,0.0,0.0,0.0,Design
Oldham,0.0,0.0,0.0,Design
Oxford,0.0,0.0,0.0,Design
Perth and Kinross,0.0,0.0,0.0,Design
Peterborough,0.0,0.0,0.0,Design
Plymouth,0.0,0.0,0.0,Design
Poole,0.0,0.0,0.0,Design
Portsmouth,0.0,0.0,0.0,Design
Preston,0.0,0.0,0.0,Design
Purbeck,0.0,0.0,0.0,Design
Reading,0.0,0.0,0.0,Design
Redbridge,0.0,0.0,0.0,Design
Redcar and Cleveland,0.0,0.0,0.0,Design
Redditch,0.0,0.0,0.0,Design
Reigate and Banstead,0.0,0.0,0.0,Design
Richmond upon Thames,0.0,0.0,0.0,Design
Rochdale,0.0,0.0,0.0,Design
Rochford,0.0,0.0,0.0,Design
Rossendale,0.0,0.0,0.0,Design
Rother,0.0,0.0,0.0,Design
Rotherham,0.0,0.0,0.0,Design
Rugby,0.0,0.0,0.0,Design
Runnymede,0.0,0.0,23.076923076923077,Design
Rushcliffe,0.0,0.0,0.0,Design
Rushmoor,0.0,0.0,0.0,Design
Rutland,0.0,0.0,0.0,Design
Salford,0.0,0.0,0.0,Design
Sandwell,0.0,0.0,0.0,Design
Scottish Borders,0.0,0.0,0.0,Design
Sedgemoor,0.0,0.0,0.0,Design
Sefton,0.0,0.0,0.0,Design
Selby,0.0,0.0,0.0,Design
Sevenoaks,0.0,0.0,0.0,Design
Sheffield,0.0,0.0,0.0,Design
Shepway,0.0,0.0,0.0,Design
Shropshire,0.0,0.0,0.0,Design
Slough,0.0,0.0,0.0,Design
Solihull,0.0,0.0,0.0,Design
South Bucks,0.0,0.0,0.0,Design
South Cambridgeshire,0.0,0.0,0.0,Design
South Derbyshire,0.0,0.0,0.0,Design
South Gloucestershire,1.3605442176870748,0.0,0.0,Design
South Hams,0.0,0.0,0.0,Design
South Holland,0.0,0.0,0.0,Design
South Kesteven,0.0,0.0,0.0,Design
South Lanarkshire,0.0,0.0,0.0,Design
South Norfolk,0.0,0.0,0.0,Design
South Northamptonshire,0.0,0.0,0.0,Design
South Oxfordshire,0.0,0.0,0.0,Design
South Ribble,0.0,0.0,0.0,Design
South Somerset,0.0,0.0,0.0,Design
South Staffordshire,0.0,0.0,0.0,Design
South Tyneside,0.0,0.0,0.0,Design
Southampton,0.0,0.0,0.0,Design
Southend-on-Sea,0.0,0.0,0.0,Design
Southwark,0.035650623885918005,0.0,0.0,Design
Spelthorne,0.0,0.0,0.0,Design
St Albans,0.0,0.0,0.0,Design
St Edmundsbury,0.0,0.0,0.0,Design
St. Helens,0.0,0.0,0.0,Design
Stafford,0.0,0.0,0.0,Design
Staffordshire Moorlands,0.0,0.0,0.0,Design
Stevenage,0.0,0.0,0.0,Design
Stirling,0.0,0.0,0.0,Design
Stockport,0.0,0.0,0.0,Design
Stoke-on-Trent,0.0,0.0,0.0,Design
Stratford-on-Avon,0.0,0.0,0.0,Design
Stroud,0.0,0.0,0.0,Design
Suffolk Coastal,0.0,0.0,0.0,Design
Sunderland,0.0,0.0,0.0,Design
Surrey Heath,0.0,0.0,0.0,Design
Sutton,0.0,0.0,0.0,Design
Swale,0.0,0.0,0.0,Design
Swindon,0.0,0.0,0.0,Design
Tameside,0.0,0.0,0.0,Design
Tamworth,0.0,0.0,0.0,Design
Tandridge,0.0,0.0,0.0,Design
Taunton Deane,0.0,0.0,0.0,Design
Telford and Wrekin,0.0,0.0,0.0,Design
Tendring,0.0,0.0,0.0,Design
Test Valley,0.0,0.0,0.0,Design
Tewkesbury,0.0,0.0,0.0,Design
Thanet,0.0,0.0,0.0,Design
Three Rivers,0.0,0.0,0.0,Design
Thurrock,0.0,0.0,0.0,Design
Tonbridge and Malling,0.0,0.0,0.0,Design
Torbay,0.0,0.0,0.0,Design
Tower Hamlets,0.061087354917532075,0.020362451639177357,0.040724903278354714,Design
Trafford,0.0,0.0,0.0,Design
Tunbridge Wells,0.0,0.0,0.0,Design
Uttlesford,0.0,0.0,0.0,Design
Vale of White Horse,0.0,0.0,0.0,Design
Wakefield,0.0,0.0,0.0,Design
Walsall,0.0,0.0,0.0,Design
Waltham Forest,0.0,0.0,0.0,Design
Wandsworth,0.03856536829926726,0.0,0.15426147319706904,Design
Warrington,0.0,0.0,0.0,Design
Warwick,0.0,0.0,0.0,Design
Watford,0.0,0.0,0.0,Design
Waveney,0.0,0.0,0.0,Design
Waverley,0.0,0.0,2.380952380952381,Design
Wealden,0.0,0.0,0.0,Design
Wellingborough,0.0,0.0,0.0,Design
Welwyn Hatfield,0.0,0.0,0.0,Design
West Berkshire,0.0,0.0,0.0,Design
West Devon,0.0,0.0,0.0,Design
West Dorset,0.0,0.0,0.0,Design
West Lancashire,0.0,0.0,0.0,Design
West Lindsey,0.0,0.0,0.0,Design
West Lothian,0.0,0.0,0.0,Design
West Oxfordshire,0.0,0.0,0.0,Design
Westminster,0.029886431560071723,0.0,0.03984857541342897,Design
Wigan,0.0,0.0,0.0,Design
Wiltshire,0.0,0.0,0.0,Design
Winchester,0.0,0.0,0.0,Design
Windsor and Maidenhead,0.0,0.0,0.0,Design
Wirral,0.0,0.0,0.0,Design
Woking,0.0,0.0,0.0,Design
Wokingham,0.5319148936170213,0.0,0.0,Design
Wolverhampton,0.0,0.0,0.0,Design
Worcester,0.0,0.0,0.0,Design
Worthing,0.0,0.0,0.0,Design
Wychavon,0.0,0.0,0.0,Design
Wycombe,0.0,0.0,0.0,Design
Wyre,0.0,0.0,0.0,Design
Wyre Forest,0.0,0.0,0.0,Design
York,0.0,0.0,0.0,Design
Aberdeen City,0.0,0.0,0.0,Business
Aberdeenshire,0.0,0.0,0.0,Business
Adur,0.0,0.0,0.0,Business
Allerdale,0.0,0.0,0.0,Business
Amber Valley,0.0,0.0,0.0,Business
Angus,0.0,0.0,0.0,Business
Antrim and Newtownabbey,0.0,0.0,0.0,Business
Argyll and Bute,0.0,0.0,0.0,Business
Armagh Banbridge and Craigavon,0.0,0.0,0.0,Business
Arun,0.0,0.0,0.0,Business
Ashfield,0.0,0.0,0.0,Business
Ashford,0.0,0.0,0.0,Business
Aylesbury Vale,0.0,0.0,0.0,Business
Babergh,0.0,0.0,0.0,Business
Barking and Dagenham,0.684931506849315,0.0,0.0,Business
Barnet,0.0,0.0,0.0,Business
Barnsley,0.0,0.0,0.0,Business
Barrow-in-Furness,0.0,0.0,0.0,Business
Basildon,0.0,0.0,0.0,Business
Basingstoke and Deane,0.0,0.0,0.0,Business
Bassetlaw,0.0,0.0,0.0,Business
Bath and North East Somerset,0.1990049751243781,0.0,0.0,Business
Bedford,0.0,0.0,0.0,Business
Belfast,0.0,0.0,0.0,Business
Bexley,0.0,0.0,0.0,Business
Birmingham,0.039864460833167234,0.0,0.0,Business
Blaby,0.0,0.0,0.0,Business
Blackburn with Darwen,0.0,0.0,0.0,Business
Blackpool,0.0,0.0,0.0,Business
Bolsover,0.0,0.0,0.0,Business
Bolton,0.0,0.0,0.0,Business
Boston,0.0,0.0,0.0,Business
Bournemouth,0.0,0.0,0.0,Business
Bracknell Forest,0.0,0.0,0.0,Business
Bradford,0.0,0.0,0.0,Business
Braintree,0.0,0.0,0.0,Business
Breckland,0.0,0.0,0.0,Business
Brent,0.0,0.0,0.0,Business
Brentwood,0.0,0.0,0.0,Business
Brighton and Hove,0.040176777822418644,0.0,0.0,Business
"Bristol, City of",0.5072463768115941,0.0,0.0,Business
Broadland,0.0,0.0,0.0,Business
Bromley,0.0,0.0,0.0,Business
Bromsgrove,0.0,0.0,0.0,Business
Broxbourne,0.0,0.0,0.0,Business
Broxtowe,0.0,0.0,0.0,Business
Burnley,0.0,0.0,0.0,Business
Bury,0.0,0.0,0.0,Business
Calderdale,0.0,0.0,0.0,Business
Cambridge,0.0,0.0,0.0,Business
Camden,0.05937537109606934,0.0,0.0,Business
Cannock Chase,0.0,0.0,0.0,Business
Canterbury,0.0,0.0,0.0,Business
Carlisle,0.0,0.0,0.0,Business
Castle Point,0.0,0.0,0.0,Business
Causeway Coast and Glens,0.0,0.0,0.0,Business
Central Bedfordshire,0.0,0.0,0.0,Business
Charnwood,0.0,0.0,0.0,Business
Chelmsford,0.0,0.0,0.0,Business
Cheltenham,1.3215859030837005,0.0,0.0,Business
Cherwell,0.0,0.0,0.0,Business
Cheshire East,0.0,0.0,0.0,Business
Cheshire West and Chester,0.0,0.0,0.0,Business
Chesterfield,0.0,0.0,0.0,Business
Chichester,0.0,0.0,0.0,Business
Chiltern,0.0,0.0,0.0,Business
Chorley,0.0,0.0,0.0,Business
Christchurch,0.0,0.0,0.0,Business
City of Edinburgh,0.07521624670928921,0.0,0.0,Business
City of London,0.01213526778490912,0.0,0.0,Business
Clackmannanshire,0.0,0.0,0.0,Business
Colchester,0.0,0.0,0.0,Business
Copeland,0.0,0.0,0.0,Business
Corby,0.0,0.0,0.0,Business
Cornwall,0.0,0.0,0.0,Business
Cotswold,0.0,0.0,0.0,Business
County Durham,0.0,0.0,0.0,Business
Coventry,0.0,0.0,0.0,Business
Craven,0.0,0.0,0.0,Business
Crawley,0.0,0.0,0.0,Business
Croydon,0.0,0.0,0.0,Business
Dacorum,0.0,0.0,0.0,Business
Darlington,0.0,0.0,0.0,Business
Dartford,0.0,0.0,0.0,Business
Daventry,0.0,0.0,0.0,Business
Derby,0.0,0.0,0.0,Business
Derbyshire Dales,0.0,0.0,0.0,Business
Derry and Strabane,0.0,0.0,0.0,Business
Doncaster,0.0,0.0,0.0,Business
Dover,0.0,0.0,0.0,Business
Dudley,0.0,0.0,0.0,Business
Dundee City,0.0,0.0,0.0,Business
Ealing,0.047058823529411764,0.0,0.0,Business
East Ayrshire,0.0,0.0,0.0,Business
East Cambridgeshire,0.0,0.0,0.0,Business
East Coast,0.0,0.0,0.0,Business
East Devon,1.36986301369863,0.0,0.0,Business
East Dorset,0.0,0.0,0.0,Business
East Dunbartonshire,0.0,0.0,0.0,Business
East Hampshire,0.0,0.0,0.0,Business
East Hertfordshire,0.0,0.0,0.0,Business
East Lothian,0.0,0.0,0.0,Business
East Northamptonshire,0.0,0.0,0.0,Business
East Renfrewshire,0.0,0.0,0.0,Business
East Riding of Yorkshire,0.0,0.0,0.0,Business
East Staffordshire,0.0,0.0,0.0,Business
Eastbourne,0.0,0.0,0.0,Business
Eastleigh,0.0,0.0,0.0,Business
Eden,0.0,0.0,0.0,Business
Elmbridge,0.0,0.0,0.0,Business
Enfield,0.0,0.0,0.0,Business
Epping Forest,0.0,0.0,0.0,Business
Epsom and Ewell,0.0,0.0,0.0,Business
Erewash,0.0,0.0,0.0,Business
Exeter,0.0,0.0,0.0,Business
Falkirk,0.0,0.0,0.0,Business
Fareham,0.0,0.0,0.0,Business
Fenland,0.0,0.0,0.0,Business
Fermanagh and Omagh,0.0,0.0,0.0,Business
Fife,0.0,0.0,0.0,Business
Forest Heath,0.0,0.0,0.0,Business
Forest of Dean,0.0,0.0,0.0,Business
Fylde,0.0,0.0,0.0,Business
Gateshead,0.0,0.0,0.0,Business
Gedling,0.0,0.0,0.0,Business
Glasgow City,0.0,0.0,0.0,Business
Gloucester,2.857142857142857,0.0,0.0,Business
Gosport,0.0,0.0,0.0,Business
Gravesham,0.0,0.0,0.0,Business
Great Yarmouth,0.0,0.0,0.0,Business
Greenwich,0.0,0.0,0.0,Business
Guildford,0.0,0.0,0.0,Business
Hackney,0.0,0.0,0.0,Business
Halton,0.0,0.0,0.0,Business
Hammersmith and Fulham,0.0,0.0,0.0,Business
Harborough,2.4390243902439024,0.0,0.0,Business
Haringey,0.0,0.0,0.0,Business
Harlow,0.0,0.0,0.0,Business
Harrogate,0.0,0.0,0.0,Business
Harrow,0.0,0.0,0.0,Business
Hart,0.0,0.0,0.0,Business
Hartlepool,0.0,0.0,0.0,Business
Hastings,0.0,0.0,0.0,Business
Havant,0.0,0.0,0.0,Business
Havering,0.0,0.0,0.0,Business
"Herefordshire, County of",4.761904761904762,0.0,0.0,Business
Hertsmere,0.0,0.0,0.0,Business
High Peak,0.0,0.0,0.0,Business
Highland,0.0,0.0,0.0,Business
Hillingdon,0.0,0.0,0.0,Business
Hinckley and Bosworth,0.0,0.0,0.0,Business
Horsham,0.0,0.0,0.0,Business
Hounslow,0.29041626331074544,0.0,0.0,Business
Huntingdonshire,0.0,0.0,0.0,Business
Hyndburn,0.0,0.0,0.0,Business
Inverclyde,0.0,0.0,0.0,Business
Ipswich,0.0,0.0,0.0,Business
Isle of Wight,0.0,0.0,0.0,Business
Islington,0.01252975817566721,0.0,0.0,Business
Kensington and Chelsea,0.0,0.0,0.0,Business
Kettering,0.0,0.0,0.0,Business
King's Lynn and West Norfolk,0.0,0.0,0.0,Business
"Kingston upon Hull, City of",0.0,0.0,0.0,Business
Kingston upon Thames,0.0,0.0,0.0,Business
Kirklees,0.0,0.0,0.0,Business
Knowsley,0.0,0.0,0.0,Business
Lambeth,0.031172069825436407,0.0,0.0,Business
Lancaster,0.0,0.0,0.0,Business
Leeds,0.17761989342806395,0.0,0.0,Business
Leicester,0.0,0.0,0.0,Business
Lewes,0.0,0.0,0.0,Business
Lewisham,0.0,0.0,0.0,Business
Lichfield,0.0,0.0,0.0,Business
Lincoln,0.0,0.0,0.0,Business
Lisburn and Castlereagh,0.0,0.0,0.0,Business
Liverpool,0.0,0.0,0.0,Business
Luton,0.0,0.0,0.0,Business
Maidstone,0.0,0.0,0.0,Business
Maldon,0.0,0.0,0.0,Business
Malvern Hills,0.0,0.0,0.0,Business
Manchester,0.0,0.0,0.0,Business
Mansfield,0.0,0.0,0.0,Business
Medway,0.0,0.0,0.0,Business
Melton,0.0,0.0,0.0,Business
Mendip,0.0,0.0,0.0,Business
Merton,0.0,0.0,0.0,Business
Mid Devon,0.0,0.0,0.0,Business
Mid Suffolk,0.0,0.0,0.0,Business
Mid Sussex,0.0,0.0,0.0,Business
Mid Ulster,0.0,0.0,0.0,Business
Mid and East Antrim,0.0,0.0,0.0,Business
Middlesbrough,0.0,0.0,0.0,Business
Midlothian,0.0,0.0,0.0,Business
Milton Keynes,0.0,0.0,0.0,Business
Mole Valley,0.0,0.0,0.0,Business
Moray,0.0,0.0,0.0,Business
New Forest,0.0,0.0,0.0,Business
Newark and Sherwood,0.0,0.0,0.0,Business
Newcastle upon Tyne,0.0,0.0,0.0,Business
Newcastle-under-Lyme,0.0,0.0,0.0,Business
Newham,0.0,0.0,0.0,Business
Newry Mourne and Down,0.0,0.0,0.0,Business
North Ayrshire,0.0,0.0,0.0,Business
North Devon,0.0,0.0,0.0,Business
North Dorset,0.0,0.0,0.0,Business
North East Derbyshire,0.0,0.0,0.0,Business
North East Lincolnshire,0.0,0.0,0.0,Business
North Hertfordshire,0.0,0.0,0.0,Business
North Kesteven,0.0,0.0,0.0,Business
North Lanarkshire,0.0,0.0,0.0,Business
North Lincolnshire,0.0,0.0,0.0,Business
North Norfolk,0.0,0.0,0.0,Business
North Somerset,0.0,0.0,0.0,Business
North Tyneside,0.0,0.0,0.0,Business
North Warwickshire,0.0,0.0,0.0,Business
North West Leicestershire,0.0,0.0,0.0,Business
Northampton,0.0,0.0,0.0,Business
Northumberland,0.0,0.0,0.0,Business
Norwich,0.0,0.0,0.0,Business
Nottingham,0.0,0.0,0.0,Business
Nuneaton and Bedworth,0.0,0.0,0.0,Business
Oadby and Wigston,0.0,0.0,0.0,Business
Oldham,0.0,0.0,0.0,Business
Oxford,0.0,0.0,0.0,Business
Pendle,0.0,0.0,0.0,Business
Perth and Kinross,0.0,0.0,0.0,Business
Peterborough,0.0,0.0,0.0,Business
Plymouth,0.0,0.0,0.0,Business
Poole,0.0,0.0,0.0,Business
Portsmouth,0.0,0.0,0.0,Business
Preston,0.0,0.0,0.0,Business
Purbeck,0.0,0.0,0.0,Business
Reading,0.0,0.0,0.0,Business
Redbridge,0.0,0.0,0.0,Business
Redcar and Cleveland,0.0,0.0,0.0,Business
Redditch,0.0,0.0,0.0,Business
Reigate and Banstead,0.0,0.0,0.0,Business
Renfrewshire,0.0,0.0,0.0,Business
Ribble Valley,0.0,0.0,0.0,Business
Richmond upon Thames,0.0,0.0,0.0,Business
Richmondshire,0.0,0.0,0.0,Business
Rochdale,0.0,0.0,0.0,Business
Rochford,0.0,0.0,0.0,Business
Rossendale,0.0,0.0,0.0,Business
Rother,0.0,0.0,0.0,Business
Rotherham,0.0,0.0,0.0,Business
Rugby,0.0,0.0,0.0,Business
Runnymede,0.0,0.0,0.0,Business
Rushcliffe,0.0,0.0,0.0,Business
Rushmoor,0.0,0.0,0.0,Business
Rutland,0.0,0.0,0.0,Business
Salford,0.0,0.0,0.0,Business
Sandwell,0.0,0.0,0.0,Business
Scarborough,0.0,0.0,0.0,Business
Scottish Borders,0.0,0.0,0.0,Business
Sedgemoor,0.0,0.0,0.0,Business
Sefton,0.0,0.0,0.0,Business
Selby,0.0,0.0,0.0,Business
Sevenoaks,0.0,0.0,0.0,Business
Sheffield,0.0,0.0,0.0,Business
Shepway,0.0,0.0,0.0,Business
Shropshire,0.0,0.0,0.0,Business
Slough,0.0,0.0,0.0,Business
Solihull,0.0,0.0,0.0,Business
South Ayrshire,0.0,0.0,0.0,Business
South Bucks,0.0,0.0,0.0,Business
South Cambridgeshire,0.0,0.0,0.0,Business
South Derbyshire,0.0,0.0,0.0,Business
South Gloucestershire,0.0,0.0,0.0,Business
South Hams,0.0,0.0,0.0,Business
South Holland,0.0,0.0,0.0,Business
South Kesteven,0.0,0.0,0.0,Business
South Lakeland,0.0,0.0,0.0,Business
South Lanarkshire,0.0,0.0,0.0,Business
South Norfolk,0.0,0.0,0.0,Business
South Northamptonshire,7.317073170731707,0.0,0.0,Business
South Oxfordshire,0.0,0.0,0.0,Business
South Ribble,0.0,0.0,0.0,Business
South Somerset,0.0,0.0,0.0,Business
South Staffordshire,0.0,0.0,0.0,Business
South Tyneside,0.0,0.0,0.0,Business
Southampton,0.0,0.0,0.0,Business
Southend-on-Sea,0.0,0.0,0.0,Business
Southwark,0.018096272167933407,0.0,0.0,Business
Spelthorne,0.0,0.0,0.0,Business
St Albans,0.0,0.0,0.0,Business
St Edmundsbury,0.0,0.0,0.0,Business
St. Helens,2.941176470588235,0.0,0.0,Business
Stafford,0.0,0.0,0.0,Business
Staffordshire Moorlands,0.0,0.0,0.0,Business
Stevenage,0.0,0.0,0.0,Business
Stirling,0.0,0.0,0.0,Business
Stockport,0.0,0.0,0.0,Business
Stockton-on-Tees,0.0,0.0,0.0,Business
Stoke-on-Trent,0.0,0.0,0.0,Business
Stratford-on-Avon,0.0,0.0,0.0,Business
Stroud,0.0,0.0,0.0,Business
Suffolk Coastal,0.0,0.0,0.0,Business
Sunderland,0.0,0.0,0.0,Business
Surrey Heath,0.0,0.0,0.0,Business
Sutton,0.0,0.0,0.0,Business
Swale,0.0,0.0,0.0,Business
Swindon,0.5681818181818182,0.0,0.0,Business
Tameside,0.0,0.0,0.0,Business
Tamworth,0.0,0.0,0.0,Business
Tandridge,0.0,0.0,0.0,Business
Taunton Deane,0.0,0.0,0.0,Business
Teignbridge,0.0,0.0,0.0,Business
Telford and Wrekin,0.0,0.0,0.0,Business
Tendring,0.0,0.0,0.0,Business
Test Valley,0.0,0.0,0.0,Business
Tewkesbury,0.0,0.0,0.0,Business
Thanet,0.0,0.0,0.0,Business
Three Rivers,0.0,0.0,0.0,Business
Thurrock,0.0,0.0,0.0,Business
Tonbridge and Malling,0.0,0.0,0.0,Business
Torbay,0.0,0.0,0.0,Business
Torridge,0.0,0.0,0.0,Business
Tower Hamlets,0.01000300090027008,0.0,0.0,Business
Trafford,0.0,0.0,0.0,Business
Tunbridge Wells,0.0,0.0,0.0,Business
Uttlesford,0.0,0.0,0.0,Business
Vale of White Horse,0.0,0.0,0.0,Business
Wakefield,0.0,0.0,0.0,Business
Walsall,0.0,0.0,0.0,Business
Waltham Forest,0.0,0.0,0.0,Business
Wandsworth,0.01735207357279195,0.0,0.0,Business
Warrington,0.0,0.0,0.0,Business
Warwick,0.0,0.0,0.0,Business
Watford,0.0,0.0,0.0,Business
Waveney,0.0,0.0,0.0,Business
Waverley,0.0,0.0,0.0,Business
Wealden,0.0,0.0,0.0,Business
Wellingborough,0.0,0.0,0.0,Business
Welwyn Hatfield,0.0,0.0,0.0,Business
West Berkshire,0.0,0.0,0.0,Business
West Devon,0.0,0.0,0.0,Business
West Dorset,0.0,0.0,0.0,Business
West Dunbartonshire,0.0,0.0,0.0,Business
West Lancashire,0.0,0.0,0.0,Business
West Lindsey,0.0,0.0,0.0,Business
West Lothian,0.0,0.0,0.0,Business
West Oxfordshire,0.0,0.0,0.0,Business
Westminster,0.02750148966402347,0.0,0.0,Business
Weymouth and Portland,0.0,0.0,0.0,Business
Wigan,0.0,0.0,0.0,Business
Wiltshire,0.0,0.0,0.0,Business
Winchester,0.0,0.0,0.0,Business
Windsor and Maidenhead,0.0,0.0,0.0,Business
Wirral,0.0,0.0,0.0,Business
Woking,0.0,0.0,0.0,Business
Wokingham,0.0,0.0,0.0,Business
Wolverhampton,0.0,0.0,0.0,Business
Worcester,0.0,0.0,0.0,Business
Worthing,0.0,0.0,0.0,Business
Wychavon,0.0,0.0,0.0,Business
Wycombe,0.0,0.0,0.0,Business
Wyre,0.0,0.0,0.0,Business
Wyre Forest,0.0,0.0,0.0,Business
York,0.0,0.0,0.0,Business
Aberdeen City,0.0,0.0,0.0,Programming
Aberdeenshire,0.0,0.0,0.0,Programming
Adur,0.0,0.0,0.0,Programming
Allerdale,0.0,0.0,0.0,Programming
Amber Valley,0.0,0.0,0.0,Programming
Angus,0.0,0.0,0.0,Programming
Antrim and Newtownabbey,0.0,0.0,0.0,Programming
Argyll and Bute,0.0,0.0,0.0,Programming
Armagh Banbridge and Craigavon,0.0,0.0,0.0,Programming
Arun,0.0,0.0,0.0,Programming
Ashfield,0.0,0.0,0.0,Programming
Ashford,0.0,0.0,0.0,Programming
Aylesbury Vale,0.0,0.0,0.0,Programming
Babergh,0.0,0.0,0.0,Programming
Barking and Dagenham,0.0,0.0,0.0,Programming
Barnet,0.0,0.0,0.0860832137733142,Programming
Barnsley,0.0,0.0,0.0,Programming
Barrow-in-Furness,0.0,0.0,0.0,Programming
Basildon,0.0,0.0,0.5050505050505051,Programming
Basingstoke and Deane,0.0,0.0,0.0,Programming
Bassetlaw,0.0,0.0,0.0,Programming
Bath and North East Somerset,0.16556291390728478,0.0,0.0,Programming
Bedford,0.0,0.0,0.0,Programming
Belfast,0.0,0.0,0.0,Programming
Bexley,0.0,0.0,0.0,Programming
Birmingham,0.13649547858727182,0.0,0.0,Programming
Blaby,0.0,0.0,0.0,Programming
Blackburn with Darwen,0.0,0.0,0.0,Programming
Blackpool,0.0,0.0,0.0,Programming
Bolsover,0.0,0.0,0.0,Programming
Bolton,0.0,0.0,0.0,Programming
Boston,0.0,0.0,0.0,Programming
Bournemouth,0.0,0.0,0.0,Programming
Bracknell Forest,0.0,0.0,0.0,Programming
Bradford,0.0,0.0,0.0,Programming
Braintree,0.0,0.0,0.0,Programming
Breckland,0.0,0.0,0.0,Programming
Brent,0.0,0.0,0.0,Programming
Brentwood,0.0,0.0,0.0,Programming
Brighton and Hove,0.028256569652444195,0.0,0.0,Programming
"Bristol, City of",0.67459945657266,0.0,0.046847184484212503,Programming
Broadland,0.0,0.0,0.0,Programming
Bromley,0.0,0.0,0.0,Programming
Bromsgrove,0.0,0.0,0.0,Programming
Broxbourne,0.0,0.0,0.0,Programming
Broxtowe,0.0,0.0,0.0,Programming
Burnley,0.0,0.0,0.0,Programming
Bury,0.0,0.0,0.0,Programming
Calderdale,0.0,0.0,0.0,Programming
Cambridge,0.007293946024799416,0.0,0.0,Programming
Camden,0.0,0.0,0.008604741212408036,Programming
Cannock Chase,0.0,0.0,0.0,Programming
Canterbury,0.0,0.0,0.0,Programming
Carlisle,0.0,0.0,0.0,Programming
Castle Point,0.0,0.0,0.0,Programming
Causeway Coast and Glens,0.0,0.0,0.0,Programming
Central Bedfordshire,0.0,0.0,0.0,Programming
Charnwood,0.0,0.0,0.0,Programming
Chelmsford,0.0,0.0,0.0,Programming
Cheltenham,0.0,0.0,0.3389830508474576,Programming
Cherwell,0.0,0.0,0.0,Programming
Cheshire East,0.0,0.0,0.0,Programming
Cheshire West and Chester,0.0,0.21645021645021645,0.0,Programming
Chesterfield,0.0,0.0,0.0,Programming
Chichester,0.0,0.0,0.0,Programming
Chiltern,0.0,0.0,0.0,Programming
Chorley,0.0,0.0,0.0,Programming
Christchurch,0.0,0.0,0.0,Programming
City of Edinburgh,0.04952947003467063,0.0,0.0,Programming
City of London,0.012089888319656647,0.0,0.008311798219763945,Programming
Clackmannanshire,0.0,0.0,0.0,Programming
Colchester,0.0,0.0,0.0,Programming
Copeland,0.0,0.0,0.0,Programming
Corby,0.0,0.0,0.0,Programming
Cornwall,0.0,0.0,0.0,Programming
Cotswold,0.0,0.0,0.0,Programming
County Durham,0.0,0.0,0.0,Programming
Coventry,0.0,0.0,0.0,Programming
Craven,0.0,0.0,0.0,Programming
Crawley,0.0,0.0,0.0,Programming
Croydon,0.0,0.1841620626151013,0.46040515653775327,Programming
Dacorum,0.0,0.0,0.0,Programming
Darlington,0.0,0.0,0.0,Programming
Dartford,0.0,0.0,0.0,Programming
Daventry,0.0,0.0,0.0,Programming
Derby,0.0,0.0,0.0,Programming
Derbyshire Dales,0.0,0.0,0.0,Programming
Derry and Strabane,0.0,0.0,0.0,Programming
Doncaster,0.0,7.6923076923076925,0.0,Programming
Dover,0.0,0.0,0.0,Programming
Dudley,0.0,0.0,0.0,Programming
Dumfries and Galloway,0.0,0.0,0.0,Programming
Dundee City,0.0,0.0,3.278688524590164,Programming
Ealing,0.0,0.0,0.0273972602739726,Programming
East Ayrshire,0.0,0.0,0.0,Programming
East Cambridgeshire,0.0,0.0,0.0,Programming
East Coast,0.0,0.0,0.0,Programming
East Devon,0.0,0.0,0.0,Programming
East Dorset,1.4705882352941175,0.0,0.0,Programming
East Dunbartonshire,0.0,0.0,0.0,Programming
East Hampshire,0.0,0.0,0.0,Programming
East Hertfordshire,0.0,0.0,0.0,Programming
East Lindsey,0.0,0.0,0.0,Programming
East Lothian,0.0,0.0,0.0,Programming
East Northamptonshire,0.0,0.0,0.0,Programming
East Renfrewshire,0.0,0.0,0.0,Programming
East Riding of Yorkshire,0.0,0.0,0.0,Programming
East Staffordshire,0.0,0.0,0.0,Programming
Eastbourne,0.0,0.0,0.0,Programming
Eastleigh,0.0,0.0,0.0,Programming
Eden,0.0,0.0,0.0,Programming
Elmbridge,0.0,0.0,0.0,Programming
Enfield,0.0,0.0,0.0,Programming
Epping Forest,0.0,0.0,0.0,Programming
Epsom and Ewell,0.0,0.0,0.0,Programming
Erewash,0.0,0.0,0.0,Programming
Exeter,0.0,0.0,0.0,Programming
Falkirk,0.0,0.0,0.0,Programming
Fareham,0.0,0.0,0.0,Programming
Fenland,0.0,0.0,0.0,Programming
Fermanagh and Omagh,0.0,0.0,0.0,Programming
Fife,0.0,0.0,0.0,Programming
Forest Heath,0.0,0.0,0.0,Programming
Forest of Dean,0.0,0.0,0.0,Programming
Fylde,0.0,0.0,0.0,Programming
Gateshead,0.0,0.0,0.0,Programming
Gedling,0.0,0.0,0.0,Programming
Glasgow City,0.0,0.0,0.0,Programming
Gloucester,0.0,0.0,0.0,Programming
Gosport,0.0,0.0,0.0,Programming
Gravesham,0.0,0.0,0.0,Programming
Great Yarmouth,0.0,0.0,0.0,Programming
Greenwich,0.0,0.0,0.0,Programming
Guildford,0.0,0.0,0.0,Programming
Hackney,0.0,0.0,0.0,Programming
Halton,0.0,0.0,0.0,Programming
Hambleton,0.0,0.0,0.0,Programming
Hammersmith and Fulham,0.0,0.0,0.0,Programming
Harborough,0.0,0.0,0.0,Programming
Haringey,0.0,0.0,0.0,Programming
Harlow,0.0,0.0,0.0,Programming
Harrogate,0.0,0.0,0.0,Programming
Harrow,0.0,0.0,0.0,Programming
Hart,0.0,0.0,0.0,Programming
Hartlepool,0.0,0.0,0.0,Programming
Hastings,0.0,0.0,0.0,Programming
Havant,0.0,0.0,0.0,Programming
Havering,0.0,0.0,0.0,Programming
"Herefordshire, County of",0.847457627118644,0.0,0.423728813559322,Programming
Hertsmere,0.0,0.0,0.0,Programming
High Peak,0.0,0.0,0.0,Programming
Highland,0.0,0.0,0.0,Programming
Hillingdon,0.0,0.0,0.0,Programming
Hinckley and Bosworth,0.0,0.0,0.0,Programming
Horsham,0.0,0.0,0.0,Programming
Hounslow,0.0,0.0,0.0,Programming
Huntingdonshire,0.0,0.0,0.0,Programming
Hyndburn,0.0,0.0,0.0,Programming
Ipswich,0.0,0.0,0.0,Programming
Isle of Wight,0.0,0.0,0.0,Programming
Islington,0.007998720204767237,0.0,0.0039993601023836185,Programming
Kensington and Chelsea,0.0,0.0,0.0,Programming
Kettering,0.0,0.0,0.0,Programming
King's Lynn and West Norfolk,0.0,0.0,0.0,Programming
"Kingston upon Hull, City of",0.0,0.0,0.0,Programming
Kingston upon Thames,0.0,0.0,0.0,Programming
Kirklees,0.0,0.0,0.0,Programming
Knowsley,0.0,0.0,0.0,Programming
Lambeth,0.0,0.0,0.03470213996529786,Programming
Lancaster,0.0,0.0,0.0,Programming
Leeds,0.0,0.0,0.0,Programming
Leicester,0.0,0.0,0.0,Programming
Lewes,0.0,0.0,0.0,Programming
Lewisham,0.05016302984700275,0.0,0.0,Programming
Lichfield,0.0,0.0,0.0,Programming
Lincoln,0.0,0.0,0.0,Programming
Lisburn and Castlereagh,0.0,0.0,0.0,Programming
Liverpool,0.0,0.0,0.0,Programming
Luton,0.0,0.0,0.0,Programming
Maidstone,0.0,0.0,0.0,Programming
Maldon,0.0,0.0,0.0,Programming
Malvern Hills,0.0,0.0,0.0,Programming
Manchester,0.0,0.021570319240724764,0.04314063848144953,Programming
Mansfield,0.0,0.0,0.0,Programming
Medway,0.0,0.0,0.0,Programming
Melton,0.0,0.0,0.0,Programming
Mendip,0.0,0.0,0.0,Programming
Merton,0.0,0.0,0.0,Programming
Mid Devon,0.0,0.0,0.0,Programming
Mid Suffolk,0.0,0.0,0.0,Programming
Mid Sussex,0.0,0.0,0.0,Programming
Mid Ulster,0.0,0.0,0.0,Programming
Mid and East Antrim,0.0,0.0,0.0,Programming
Middlesbrough,0.0,0.0,0.0,Programming
Midlothian,0.0,0.0,0.0,Programming
Milton Keynes,0.0,0.0,0.0,Programming
Mole Valley,0.0,0.0,0.0,Programming
Moray,0.0,0.0,0.0,Programming
New Forest,0.0,0.0,0.0,Programming
Newark and Sherwood,0.0,0.0,0.0,Programming
Newcastle upon Tyne,0.21715526601520088,0.0,0.0,Programming
Newcastle-under-Lyme,0.0,0.0,0.0,Programming
Newham,0.0,0.0,0.0,Programming
Newry Mourne and Down,0.0,0.0,0.0,Programming
North Ayrshire,0.0,0.0,0.0,Programming
North Devon,0.0,0.0,0.0,Programming
North Dorset,0.0,0.0,0.0,Programming
North East Derbyshire,0.0,0.0,0.0,Programming
North East Lincolnshire,0.0,0.0,0.0,Programming
North Hertfordshire,0.0,0.0,0.0,Programming
North Kesteven,0.0,0.0,0.0,Programming
North Lanarkshire,0.0,0.0,0.0,Programming
North Lincolnshire,0.0,0.0,0.0,Programming
North Norfolk,0.0,0.0,0.0,Programming
North Somerset,0.3184713375796179,0.0,0.0,Programming
North Tyneside,0.0,0.0,0.0,Programming
North Warwickshire,0.0,0.0,0.0,Programming
North West Leicestershire,0.0,0.0,0.0,Programming
Northampton,0.0,0.0,0.0,Programming
Northumberland,0.0,0.0,0.0,Programming
Norwich,0.0,0.0,0.0,Programming
Nottingham,0.0,0.0,0.0,Programming
Nuneaton and Bedworth,0.0,0.0,0.0,Programming
Oadby and Wigston,0.0,0.0,0.0,Programming
Oldham,0.0,0.0,0.0,Programming
Oxford,0.0,0.0,0.0,Programming
Pendle,0.0,0.0,0.0,Programming
Perth and Kinross,0.0,0.0,0.0,Programming
Peterborough,0.0,0.0,0.0,Programming
Plymouth,0.0,0.0,0.0,Programming
Poole,0.0,0.0,0.0,Programming
Portsmouth,0.0,0.0,0.0,Programming
Preston,0.0,0.0,0.0,Programming
Purbeck,0.0,0.0,0.0,Programming
Reading,0.0,0.0,0.0,Programming
Redbridge,0.0,0.0,0.0,Programming
Redcar and Cleveland,0.0,0.0,0.0,Programming
Redditch,0.0,0.0,0.0,Programming
Reigate and Banstead,0.0,0.0,0.0,Programming
Renfrewshire,0.0,0.0,0.0,Programming
Ribble Valley,0.0,0.0,0.0,Programming
Richmond upon Thames,0.0,0.0,0.0,Programming
Richmondshire,0.0,0.0,0.0,Programming
Rochdale,0.0,0.0,0.0,Programming
Rochford,0.0,0.0,0.0,Programming
Rossendale,0.0,0.0,0.0,Programming
Rother,0.0,0.0,0.0,Programming
Rotherham,0.0,0.0,0.0,Programming
Rugby,0.0,0.0,0.0,Programming
Runnymede,0.0,0.0,3.0,Programming
Rushcliffe,0.0,0.0,0.0,Programming
Rushmoor,0.0,0.0,0.0,Programming
Rutland,0.0,0.0,0.0,Programming
Salford,0.0,0.0,0.0,Programming
Sandwell,0.0,0.0,0.0,Programming
Scarborough,0.0,0.0,0.0,Programming
Scottish Borders,0.0,0.0,0.0,Programming
Sedgemoor,0.0,0.0,0.0,Programming
Sefton,0.0,0.0,0.0,Programming
Selby,0.0,0.0,0.0,Programming
Sevenoaks,0.0,0.0,0.0,Programming
Sheffield,0.0,0.0,0.0,Programming
Shepway,0.0,0.0,0.0,Programming
Shropshire,0.0,0.0,0.0,Programming
Slough,0.0,0.0,0.0,Programming
Solihull,0.0,0.0,0.0,Programming
South Ayrshire,0.0,0.0,0.0,Programming
South Bucks,0.0,0.0,0.0,Programming
South Cambridgeshire,0.0,0.0,0.0,Programming
South Derbyshire,0.0,0.0,0.0,Programming
South Gloucestershire,0.28612303290414876,0.0,0.0,Programming
South Hams,0.0,0.0,0.0,Programming
South Holland,0.0,0.0,0.0,Programming
South Kesteven,0.0,0.0,0.0,Programming
South Lakeland,0.0,0.0,0.0,Programming
South Lanarkshire,0.0,0.0,0.0,Programming
South Norfolk,0.0,0.0,0.0,Programming
South Northamptonshire,0.0,0.0,0.0,Programming
South Oxfordshire,0.0,0.0,0.0,Programming
South Ribble,0.0,0.0,0.0,Programming
South Somerset,0.0,0.0,0.0,Programming
South Staffordshire,0.0,0.0,0.0,Programming
South Tyneside,0.0,0.0,0.0,Programming
Southampton,0.0,0.0,0.0,Programming
Southend-on-Sea,0.0,0.0,0.0,Programming
Southwark,0.009748488984207448,0.0,0.0,Programming
Spelthorne,0.0,0.0,0.0,Programming
St Albans,0.0,0.0,0.0,Programming
St Edmundsbury,0.0,0.0,0.0,Programming
St. Helens,0.0,0.0,0.0,Programming
Stafford,0.0,0.0,0.0,Programming
Staffordshire Moorlands,0.0,0.0,0.0,Programming
Stevenage,0.0,0.0,0.0,Programming
Stirling,0.0,0.0,0.0,Programming
Stockport,0.0,0.0,0.0,Programming
Stockton-on-Tees,0.0,0.0,0.0,Programming
Stoke-on-Trent,0.0,0.0,0.0,Programming
Stratford-on-Avon,0.0,0.0,0.0,Programming
Stroud,0.0,0.0,0.0,Programming
Suffolk Coastal,0.0,0.0,0.0,Programming
Sunderland,0.0,0.0,0.0,Programming
Surrey Heath,0.0,0.0,0.0,Programming
Sutton,0.0,0.0,0.0,Programming
Swale,0.0,0.0,0.0,Programming
Swindon,0.45454545454545453,0.0,0.0,Programming
Tameside,0.0,0.0,0.0,Programming
Tamworth,0.0,0.0,0.0,Programming
Tandridge,0.0,0.0,0.0,Programming
Taunton Deane,0.0,0.0,0.0,Programming
Teignbridge,0.0,0.0,0.0,Programming
Telford and Wrekin,1.3333333333333335,0.0,0.0,Programming
Tendring,0.0,0.0,0.0,Programming
Test Valley,0.0,0.0,0.0,Programming
Tewkesbury,0.0,0.0,0.0,Programming
Thanet,0.0,0.0,0.0,Programming
Three Rivers,0.0,0.0,0.0,Programming
Thurrock,0.0,0.0,0.0,Programming
Tonbridge and Malling,0.0,0.0,0.0,Programming
Torbay,0.0,0.0,0.0,Programming
Torridge,0.0,0.0,0.0,Programming
Tower Hamlets,0.03115653040877368,0.006231306081754736,0.012462612163509471,Programming
Trafford,0.0,0.0,0.0,Programming
Tunbridge Wells,0.0,0.0,0.0,Programming
Uttlesford,0.0,0.0,0.0,Programming
Vale of White Horse,0.0,0.0,0.0,Programming
Wakefield,0.0,0.0,0.0,Programming
Walsall,0.0,0.0,0.0,Programming
Waltham Forest,0.0,0.0,0.0,Programming
Wandsworth,0.011617100371747211,0.0,0.046468401486988845,Programming
Warrington,0.0,0.0,0.0,Programming
Warwick,0.0,0.0,0.0,Programming
Watford,0.0,0.0,0.0,Programming
Waveney,0.0,0.0,0.0,Programming
Waverley,0.0,0.0,0.8064516129032258,Programming
Wealden,0.0,0.0,0.0,Programming
Wellingborough,0.0,0.0,0.0,Programming
Welwyn Hatfield,0.0,0.0,0.0,Programming
West Berkshire,0.0,0.0,0.0,Programming
West Devon,0.0,0.0,0.0,Programming
West Dorset,0.0,0.0,0.0,Programming
West Dunbartonshire,0.0,0.0,0.0,Programming
West Lancashire,0.0,0.0,0.0,Programming
West Lindsey,0.0,0.0,0.0,Programming
West Lothian,0.0,0.0,0.0,Programming
West Oxfordshire,0.0,0.0,0.0,Programming
Westminster,0.011159780152330998,0.0,0.011159780152330998,Programming
Weymouth and Portland,0.0,0.0,0.0,Programming
Wigan,0.0,0.0,0.0,Programming
Wiltshire,0.0,0.0,0.0,Programming
Winchester,0.0,0.0,0.0,Programming
Windsor and Maidenhead,0.0,0.0,0.0,Programming
Wirral,0.0,0.0,0.0,Programming
Woking,0.0,0.0,0.0,Programming
Wokingham,0.17482517482517482,0.0,0.0,Programming
Wolverhampton,0.0,0.0,0.0,Programming
Worcester,0.0,0.0,0.0,Programming
Worthing,0.0,0.0,0.0,Programming
Wychavon,0.0,0.0,0.0,Programming
Wycombe,0.0,0.0,0.0,Programming
Wyre,0.0,0.0,0.0,Programming
Wyre Forest,0.0,0.0,0.0,Programming
York,0.0,0.0,0.0,Programming
Aberdeenshire,0.0,0.0,0.0,Wordpress
Adur,0.0,0.0,0.0,Wordpress
Allerdale,0.0,0.0,0.0,Wordpress
Antrim and Newtownabbey,0.0,0.0,0.0,Wordpress
Armagh Banbridge and Craigavon,0.0,0.0,0.0,Wordpress
Aylesbury Vale,0.0,0.0,0.0,Wordpress
Babergh,0.0,0.0,0.0,Wordpress
Barking and Dagenham,0.0,0.0,0.0,Wordpress
Barnet,0.0,0.0,0.0,Wordpress
Barnsley,0.0,0.0,0.0,Wordpress
Basildon,0.0,0.0,0.0,Wordpress
Basingstoke and Deane,0.0,0.0,0.0,Wordpress
Bath and North East Somerset,0.0,0.0,0.0,Wordpress
Belfast,0.0,0.0,0.0,Wordpress
Bexley,0.0,0.0,0.0,Wordpress
Birmingham,0.0,0.0,0.0,Wordpress
Blackburn with Darwen,0.0,0.0,0.0,Wordpress
Bolton,0.0,0.0,0.0,Wordpress
Bournemouth,0.0,0.0,0.0,Wordpress
Bradford,0.0,0.0,0.0,Wordpress
Braintree,0.0,0.0,0.0,Wordpress
Breckland,0.0,0.0,0.0,Wordpress
Brent,0.0,0.0,0.0,Wordpress
Brentwood,0.0,0.0,0.0,Wordpress
Brighton and Hove,0.0,0.0,0.0,Wordpress
"Bristol, City of",0.0,0.0,0.0,Wordpress
Bromley,0.0,0.0,0.0,Wordpress
Bromsgrove,0.0,0.0,0.0,Wordpress
Broxbourne,0.0,0.0,0.0,Wordpress
Burnley,0.0,0.0,0.0,Wordpress
Bury,0.0,0.0,0.0,Wordpress
Calderdale,0.0,0.0,0.0,Wordpress
Cambridge,0.0,0.0,0.0,Wordpress
Camden,0.0,0.0,0.0,Wordpress
Cannock Chase,0.0,0.0,0.0,Wordpress
Canterbury,0.0,0.0,0.0,Wordpress
Carlisle,0.0,0.0,0.0,Wordpress
Charnwood,0.0,0.0,0.0,Wordpress
Chelmsford,0.0,0.0,0.0,Wordpress
Cheltenham,0.0,0.0,0.0,Wordpress
Cheshire East,0.0,0.0,0.0,Wordpress
Cheshire West and Chester,0.0,0.0,0.0,Wordpress
Chorley,0.0,0.0,0.0,Wordpress
Christchurch,0.0,0.0,0.0,Wordpress
City of Edinburgh,0.0,0.0,0.0,Wordpress
City of London,0.0,0.0,0.0,Wordpress
Colchester,0.0,0.0,0.0,Wordpress
County Durham,0.0,0.0,0.0,Wordpress
Coventry,0.0,0.0,0.0,Wordpress
Croydon,0.0,0.0,0.0,Wordpress
Darlington,0.0,0.0,0.0,Wordpress
Dartford,0.0,0.0,0.0,Wordpress
Derbyshire Dales,0.0,0.0,0.0,Wordpress
Dudley,0.0,0.0,0.0,Wordpress
Ealing,0.0,0.0,0.0,Wordpress
East Cambridgeshire,0.0,0.0,0.0,Wordpress
East Coast,0.0,0.0,0.0,Wordpress
East Hampshire,0.0,0.0,0.0,Wordpress
East Lothian,0.0,0.0,0.0,Wordpress
East Staffordshire,0.0,0.0,0.0,Wordpress
Eastbourne,0.0,0.0,0.0,Wordpress
Eastleigh,0.0,0.0,0.0,Wordpress
Eden,0.0,0.0,0.0,Wordpress
Elmbridge,0.0,0.0,0.0,Wordpress
Enfield,0.0,0.0,0.0,Wordpress
Epping Forest,0.0,0.0,0.0,Wordpress
Falkirk,0.0,0.0,0.0,Wordpress
Fareham,0.0,0.0,0.0,Wordpress
Fenland,0.0,0.0,0.0,Wordpress
Fermanagh and Omagh,0.0,0.0,0.0,Wordpress
Fife,0.0,0.0,0.0,Wordpress
Forest Heath,0.0,0.0,0.0,Wordpress
Forest of Dean,0.0,0.0,0.0,Wordpress
Gateshead,0.0,0.0,0.0,Wordpress
Glasgow City,0.0,0.0,0.0,Wordpress
Greenwich,0.0,0.0,0.0,Wordpress
Guildford,0.0,0.0,0.0,Wordpress
Hackney,0.0,0.0,0.0,Wordpress
Halton,0.0,0.0,0.0,Wordpress
Hammersmith and Fulham,0.0,0.0,0.0,Wordpress
Haringey,0.0,0.0,0.0,Wordpress
Harrow,0.0,0.0,0.0,Wordpress
Havering,0.0,0.0,0.0,Wordpress
Hertsmere,0.0,0.0,0.0,Wordpress
High Peak,0.0,0.0,0.0,Wordpress
Highland,0.0,0.0,0.0,Wordpress
Hillingdon,0.0,0.0,0.0,Wordpress
Horsham,0.0,0.0,0.0,Wordpress
Hounslow,0.0,0.0,0.0,Wordpress
Huntingdonshire,0.0,0.0,0.0,Wordpress
Ipswich,0.0,0.0,0.0,Wordpress
Islington,0.0,0.0,0.0,Wordpress
Kensington and Chelsea,0.0,0.0,0.0,Wordpress
Kingston upon Thames,0.0,0.0,0.0,Wordpress
Kirklees,0.0,0.0,0.0,Wordpress
Knowsley,0.0,0.0,0.0,Wordpress
Lambeth,0.0,0.0,0.0,Wordpress
Leeds,0.0,0.0,0.0,Wordpress
Leicester,0.0,0.0,0.0,Wordpress
Lewes,0.0,0.0,0.0,Wordpress
Lewisham,0.0,0.0,0.0,Wordpress
Lichfield,0.0,0.0,0.0,Wordpress
Lisburn and Castlereagh,0.0,0.0,0.0,Wordpress
Liverpool,0.0,0.0,0.0,Wordpress
Maidstone,0.0,0.0,0.0,Wordpress
Maldon,0.0,0.0,0.0,Wordpress
Malvern Hills,0.0,0.0,0.0,Wordpress
Manchester,0.0,0.0,0.0,Wordpress
Mendip,0.0,0.0,0.0,Wordpress
Merton,0.0,0.0,0.0,Wordpress
Mid Suffolk,0.0,0.0,0.0,Wordpress
Mid Sussex,0.0,0.0,0.0,Wordpress
Mid Ulster,0.0,0.0,0.0,Wordpress
Mid and East Antrim,0.0,0.0,0.0,Wordpress
Middlesbrough,0.0,0.0,0.0,Wordpress
Midlothian,0.0,0.0,0.0,Wordpress
Milton Keynes,0.0,0.0,0.0,Wordpress
Mole Valley,0.0,0.0,0.0,Wordpress
New Forest,0.0,0.0,0.0,Wordpress
Newcastle upon Tyne,0.0,0.0,0.0,Wordpress
Newham,0.0,0.0,0.0,Wordpress
Newry Mourne and Down,0.0,0.0,0.0,Wordpress
North Dorset,0.0,0.0,0.0,Wordpress
North Lanarkshire,0.0,0.0,0.0,Wordpress
North Somerset,0.0,0.0,0.0,Wordpress
North Tyneside,0.0,0.0,0.0,Wordpress
North Warwickshire,0.0,0.0,0.0,Wordpress
Northumberland,0.0,0.0,0.0,Wordpress
Norwich,0.0,0.0,0.0,Wordpress
Nottingham,0.0,0.0,0.0,Wordpress
Oadby and Wigston,0.0,0.0,0.0,Wordpress
Oldham,0.0,0.0,0.0,Wordpress
Oxford,0.0,0.0,0.0,Wordpress
Pendle,0.0,0.0,0.0,Wordpress
Peterborough,0.0,0.0,0.0,Wordpress
Poole,0.0,0.0,0.0,Wordpress
Portsmouth,0.0,0.0,0.0,Wordpress
Preston,0.0,0.0,0.0,Wordpress
Reading,0.0,0.0,0.0,Wordpress
Redbridge,0.0,0.0,0.0,Wordpress
Redcar and Cleveland,0.0,0.0,0.0,Wordpress
Redditch,0.0,0.0,0.0,Wordpress
Reigate and Banstead,0.0,0.0,0.0,Wordpress
Richmond upon Thames,0.0,0.0,0.0,Wordpress
Rochdale,0.0,0.0,0.0,Wordpress
Rossendale,0.0,0.0,0.0,Wordpress
Salford,0.0,0.0,0.0,Wordpress
Sandwell,0.0,0.0,0.0,Wordpress
Scottish Borders,0.0,0.0,0.0,Wordpress
Sedgemoor,0.0,0.0,0.0,Wordpress
Sefton,0.0,0.0,0.0,Wordpress
Sheffield,0.0,0.0,0.0,Wordpress
Shepway,0.0,0.0,0.0,Wordpress
Shropshire,0.0,0.0,0.0,Wordpress
Solihull,0.0,0.0,0.0,Wordpress
South Bucks,0.0,0.0,0.0,Wordpress
South Cambridgeshire,0.0,0.0,0.0,Wordpress
South Gloucestershire,0.0,0.0,0.0,Wordpress
South Kesteven,0.0,0.0,0.0,Wordpress
South Lakeland,0.0,0.0,0.0,Wordpress
South Norfolk,0.0,0.0,0.0,Wordpress
South Northamptonshire,0.0,0.0,0.0,Wordpress
South Oxfordshire,0.0,0.0,0.0,Wordpress
South Ribble,0.0,0.0,0.0,Wordpress
South Staffordshire,0.0,0.0,0.0,Wordpress
South Tyneside,0.0,0.0,0.0,Wordpress
Southampton,0.0,0.0,0.0,Wordpress
Southend-on-Sea,0.0,0.0,0.0,Wordpress
Southwark,0.0,0.0,0.0,Wordpress
St Albans,0.0,0.0,0.0,Wordpress
St Edmundsbury,0.0,0.0,0.0,Wordpress
St. Helens,0.0,0.0,0.0,Wordpress
Stafford,0.0,0.0,0.0,Wordpress
Stevenage,0.0,0.0,0.0,Wordpress
Stockport,0.0,0.0,0.0,Wordpress
Stoke-on-Trent,0.0,0.0,0.0,Wordpress
Stratford-on-Avon,0.0,0.0,0.0,Wordpress
Stroud,0.0,0.0,0.0,Wordpress
Suffolk Coastal,0.0,0.0,0.0,Wordpress
Sunderland,0.0,0.0,0.0,Wordpress
Surrey Heath,0.0,0.0,0.0,Wordpress
Sutton,0.0,0.0,0.0,Wordpress
Swale,0.0,0.0,0.0,Wordpress
Swindon,0.0,0.0,0.0,Wordpress
Tameside,0.0,0.0,0.0,Wordpress
Tamworth,0.0,0.0,0.0,Wordpress
Tandridge,0.0,0.0,0.0,Wordpress
Taunton Deane,0.0,0.0,0.0,Wordpress
Telford and Wrekin,0.0,0.0,0.0,Wordpress
Tendring,0.0,0.0,0.0,Wordpress
Thurrock,0.0,0.0,0.0,Wordpress
Tonbridge and Malling,0.0,0.0,0.0,Wordpress
Tower Hamlets,0.0,0.0,0.0,Wordpress
Trafford,0.0,0.0,0.0,Wordpress
Tunbridge Wells,0.0,0.0,0.0,Wordpress
Uttlesford,0.0,0.0,0.0,Wordpress
Vale of White Horse,0.0,0.0,0.0,Wordpress
Wakefield,0.0,0.0,0.0,Wordpress
Walsall,0.0,0.0,0.0,Wordpress
Waltham Forest,0.0,0.0,0.0,Wordpress
Wandsworth,0.0,0.0,0.0,Wordpress
Warrington,0.0,0.0,0.0,Wordpress
Warwick,0.0,0.0,0.0,Wordpress
Watford,0.0,0.0,0.0,Wordpress
Waverley,0.0,0.0,0.0,Wordpress
Wealden,0.0,0.0,0.0,Wordpress
West Berkshire,0.0,0.0,0.0,Wordpress
West Lothian,0.0,0.0,0.0,Wordpress
West Oxfordshire,0.0,0.0,0.0,Wordpress
Westminster,0.0,0.0,0.0,Wordpress
Wigan,0.0,0.0,0.0,Wordpress
Wiltshire,0.0,0.0,0.0,Wordpress
Winchester,0.0,0.0,0.0,Wordpress
Wirral,0.0,0.0,0.0,Wordpress
Woking,0.0,0.0,0.0,Wordpress
Wolverhampton,0.0,0.0,0.0,Wordpress
Worcester,0.0,0.0,0.0,Wordpress
Worthing,0.0,0.0,0.0,Wordpress
Wychavon,0.0,0.0,0.0,Wordpress
Aberdeenshire,0.0,0.0,0.0,Immersive
Antrim and Newtownabbey,0.0,0.0,0.0,Immersive
Armagh Banbridge and Craigavon,0.0,0.0,0.0,Immersive
Arun,0.0,0.0,0.0,Immersive
Ashford,0.0,0.0,0.0,Immersive
Barking and Dagenham,0.0,0.0,0.0,Immersive
Barnet,0.0,0.0,0.0,Immersive
Barnsley,0.0,0.0,0.0,Immersive
Basildon,0.0,0.0,0.0,Immersive
Basingstoke and Deane,0.0,0.0,0.0,Immersive
Bath and North East Somerset,0.0,0.0,0.0,Immersive
Bedford,0.0,0.0,0.0,Immersive
Belfast,0.0,0.0,0.0,Immersive
Bexley,0.0,0.0,0.0,Immersive
Birmingham,0.0,0.0,0.0,Immersive
Blaby,0.0,0.0,0.0,Immersive
Blackburn with Darwen,0.0,0.0,0.0,Immersive
Blackpool,0.0,0.0,0.0,Immersive
Bolton,0.0,0.0,0.0,Immersive
Bournemouth,0.0,0.0,0.0,Immersive
Bracknell Forest,0.0,0.0,0.0,Immersive
Bradford,0.0,0.0,0.0,Immersive
Braintree,0.0,0.0,0.0,Immersive
Breckland,0.0,0.0,0.0,Immersive
Brent,0.0,0.0,0.0,Immersive
Brentwood,0.0,0.0,0.0,Immersive
Brighton and Hove,0.0,0.0,0.0,Immersive
"Bristol, City of",0.0,0.0,0.0,Immersive
Broadland,0.0,0.0,0.0,Immersive
Bromley,0.0,0.0,0.0,Immersive
Broxbourne,0.0,0.0,0.0,Immersive
Bury,0.0,0.0,0.0,Immersive
Calderdale,0.0,0.0,0.0,Immersive
Cambridge,0.0,0.0,0.0,Immersive
Camden,0.0,0.0,0.0,Immersive
Canterbury,0.0,0.0,0.0,Immersive
Castle Point,0.0,0.0,0.0,Immersive
Causeway Coast and Glens,0.0,0.0,0.0,Immersive
Central Bedfordshire,0.0,0.0,0.0,Immersive
Charnwood,0.0,0.0,0.0,Immersive
Chelmsford,0.0,0.0,0.0,Immersive
Cheltenham,0.0,0.0,0.0,Immersive
Cherwell,0.0,0.0,0.0,Immersive
Cheshire East,0.0,0.0,0.0,Immersive
Cheshire West and Chester,0.0,0.0,0.0,Immersive
Chesterfield,0.0,0.0,0.0,Immersive
Chiltern,0.0,0.0,0.0,Immersive
City of Edinburgh,0.0,0.0,0.0,Immersive
City of London,0.0,0.0,0.0,Immersive
Colchester,0.0,0.0,0.0,Immersive
Cornwall,0.0,0.0,0.0,Immersive
Cotswold,0.0,0.0,0.0,Immersive
County Durham,0.0,0.0,0.0,Immersive
Coventry,0.0,0.0,0.0,Immersive
Craven,0.0,0.0,0.0,Immersive
Crawley,0.0,0.0,0.0,Immersive
Croydon,0.0,0.0,0.0,Immersive
Dacorum,0.0,0.0,0.0,Immersive
Dartford,0.0,0.0,0.0,Immersive
Doncaster,0.0,0.0,0.0,Immersive
Dudley,0.0,0.0,0.0,Immersive
Dundee City,0.0,0.0,0.0,Immersive
Ealing,0.0,0.0,0.0,Immersive
East Cambridgeshire,0.0,0.0,0.0,Immersive
East Coast,0.0,0.0,0.0,Immersive
East Hertfordshire,0.0,0.0,0.0,Immersive
East Riding of Yorkshire,0.0,0.0,0.0,Immersive
East Staffordshire,0.0,0.0,0.0,Immersive
Eastbourne,0.0,0.0,0.0,Immersive
Eastleigh,0.0,0.0,0.0,Immersive
Elmbridge,0.0,0.0,0.0,Immersive
Enfield,0.0,0.0,0.0,Immersive
Epping Forest,0.0,0.0,0.0,Immersive
Epsom and Ewell,0.0,0.0,0.0,Immersive
Exeter,0.0,0.0,0.0,Immersive
Fareham,0.0,0.0,0.0,Immersive
Fenland,0.0,0.0,0.0,Immersive
Fermanagh and Omagh,0.0,0.0,0.0,Immersive
Fife,0.0,0.0,0.0,Immersive
Gateshead,0.0,0.0,0.0,Immersive
Glasgow City,0.0,0.0,0.0,Immersive
Gloucester,0.0,0.0,0.0,Immersive
Gravesham,0.0,0.0,0.0,Immersive
Great Yarmouth,0.0,0.0,0.0,Immersive
Greenwich,0.0,0.0,0.0,Immersive
Guildford,0.0,0.0,0.0,Immersive
Hackney,0.0,0.0,0.0,Immersive
Halton,0.0,0.0,0.0,Immersive
Hambleton,0.0,0.0,0.0,Immersive
Hammersmith and Fulham,0.0,0.0,0.0,Immersive
Harborough,0.0,0.0,0.0,Immersive
Haringey,0.0,0.0,0.0,Immersive
Harlow,0.0,0.0,0.0,Immersive
Harrogate,0.0,0.0,0.0,Immersive
Harrow,0.0,0.0,0.0,Immersive
Hart,0.0,0.0,0.0,Immersive
Hastings,0.0,0.0,0.0,Immersive
Havering,0.0,0.0,0.0,Immersive
"Herefordshire, County of",0.0,0.0,0.0,Immersive
Hertsmere,0.0,0.0,0.0,Immersive
High Peak,0.0,0.0,0.0,Immersive
Hillingdon,0.0,0.0,0.0,Immersive
Hinckley and Bosworth,0.0,0.0,0.0,Immersive
Horsham,0.0,0.0,0.0,Immersive
Hounslow,0.0,0.0,0.0,Immersive
Huntingdonshire,0.0,0.0,0.0,Immersive
Hyndburn,0.0,0.0,0.0,Immersive
Ipswich,0.0,0.0,0.0,Immersive
Isle of Wight,0.0,0.0,0.0,Immersive
Islington,0.0,0.0,0.0,Immersive
Kensington and Chelsea,0.0,0.0,0.0,Immersive
King's Lynn and West Norfolk,0.0,0.0,0.0,Immersive
"Kingston upon Hull, City of",0.0,0.0,0.0,Immersive
Kingston upon Thames,0.0,0.0,0.0,Immersive
Kirklees,0.0,0.0,0.0,Immersive
Knowsley,0.0,0.0,0.0,Immersive
Lambeth,0.0,0.0,0.0,Immersive
Leeds,0.0,0.0,0.0,Immersive
Leicester,0.0,0.0,0.0,Immersive
Lewes,0.0,0.0,0.0,Immersive
Lewisham,0.0,0.0,0.0,Immersive
Lisburn and Castlereagh,0.0,0.0,0.0,Immersive
Liverpool,0.0,0.0,0.0,Immersive
Luton,0.0,0.0,0.0,Immersive
Maidstone,0.0,0.0,0.0,Immersive
Manchester,0.0,0.0,0.0,Immersive
Medway,0.0,0.0,0.0,Immersive
Melton,0.0,0.0,0.0,Immersive
Mendip,0.0,0.0,0.0,Immersive
Merton,0.0,0.0,0.0,Immersive
Mid Suffolk,0.0,0.0,0.0,Immersive
Mid Sussex,0.0,0.0,0.0,Immersive
Mid and East Antrim,0.0,0.0,0.0,Immersive
Middlesbrough,0.0,0.0,0.0,Immersive
Milton Keynes,0.0,0.0,0.0,Immersive
Mole Valley,0.0,0.0,0.0,Immersive
Newcastle upon Tyne,0.0,0.0,0.0,Immersive
Newcastle-under-Lyme,0.0,0.0,0.0,Immersive
Newham,0.0,0.0,0.0,Immersive
Newry Mourne and Down,0.0,0.0,0.0,Immersive
North Hertfordshire,0.0,0.0,0.0,Immersive
North Lincolnshire,0.0,0.0,0.0,Immersive
North Norfolk,0.0,0.0,0.0,Immersive
North Somerset,0.0,0.0,0.0,Immersive
North Warwickshire,0.0,0.0,0.0,Immersive
North West Leicestershire,0.0,0.0,0.0,Immersive
Northampton,0.0,0.0,0.0,Immersive
Norwich,0.0,0.0,0.0,Immersive
Nottingham,0.0,0.0,0.0,Immersive
Nuneaton and Bedworth,0.0,0.0,0.0,Immersive
Oadby and Wigston,0.0,0.0,0.0,Immersive
Oldham,0.0,0.0,0.0,Immersive
Oxford,0.0,0.0,0.0,Immersive
Peterborough,0.0,0.0,0.0,Immersive
Plymouth,0.0,0.0,0.0,Immersive
Poole,0.0,0.0,0.0,Immersive
Portsmouth,0.0,0.0,0.0,Immersive
Preston,0.0,0.0,0.0,Immersive
Reading,0.0,0.0,0.0,Immersive
Redbridge,0.0,0.0,0.0,Immersive
Reigate and Banstead,0.0,0.0,0.0,Immersive
Richmond upon Thames,0.0,0.0,0.0,Immersive
Rochdale,0.0,0.0,0.0,Immersive
Rochford,0.0,0.0,0.0,Immersive
Rother,0.0,0.0,0.0,Immersive
Rotherham,0.0,0.0,0.0,Immersive
Rugby,0.0,0.0,0.0,Immersive
Runnymede,0.0,0.0,0.0,Immersive
Rushcliffe,0.0,0.0,0.0,Immersive
Rushmoor,0.0,0.0,0.0,Immersive
Rutland,0.0,0.0,0.0,Immersive
Salford,0.0,0.0,0.0,Immersive
Scarborough,0.0,0.0,0.0,Immersive
Sefton,0.0,0.0,0.0,Immersive
Selby,0.0,0.0,0.0,Immersive
Sevenoaks,0.0,0.0,0.0,Immersive
Sheffield,0.0,0.0,0.0,Immersive
Slough,0.0,0.0,0.0,Immersive
Solihull,0.0,0.0,0.0,Immersive
South Bucks,0.0,0.0,0.0,Immersive
South Cambridgeshire,0.0,0.0,0.0,Immersive
South Gloucestershire,0.0,0.0,0.0,Immersive
South Hams,0.0,0.0,0.0,Immersive
South Norfolk,0.0,0.0,0.0,Immersive
South Northamptonshire,0.0,0.0,0.0,Immersive
South Oxfordshire,0.0,0.0,0.0,Immersive
South Somerset,0.0,0.0,0.0,Immersive
South Tyneside,0.0,0.0,0.0,Immersive
Southampton,0.0,0.0,0.0,Immersive
Southend-on-Sea,0.0,0.0,0.0,Immersive
Southwark,0.0,0.0,0.0,Immersive
Spelthorne,0.0,0.0,0.0,Immersive
St Albans,0.0,0.0,0.0,Immersive
St Edmundsbury,0.0,0.0,0.0,Immersive
Stafford,0.0,0.0,0.0,Immersive
Stevenage,0.0,0.0,0.0,Immersive
Stockport,0.0,0.0,0.0,Immersive
Stratford-on-Avon,0.0,0.0,0.0,Immersive
Stroud,0.0,0.0,0.0,Immersive
Suffolk Coastal,0.0,0.0,0.0,Immersive
Sunderland,0.0,0.0,0.0,Immersive
Surrey Heath,0.0,0.0,0.0,Immersive
Sutton,0.0,0.0,0.0,Immersive
Swale,0.0,0.0,0.0,Immersive
Swindon,0.0,0.0,0.0,Immersive
Tameside,0.0,0.0,0.0,Immersive
Tandridge,0.0,0.0,0.0,Immersive
Teignbridge,0.0,0.0,0.0,Immersive
Test Valley,0.0,0.0,0.0,Immersive
Tewkesbury,0.0,0.0,0.0,Immersive
Three Rivers,0.0,0.0,0.0,Immersive
Thurrock,0.0,0.0,0.0,Immersive
Tonbridge and Malling,0.0,0.0,0.0,Immersive
Torbay,0.0,0.0,0.0,Immersive
Tower Hamlets,0.0,0.0,0.0,Immersive
Trafford,0.0,0.0,0.0,Immersive
Tunbridge Wells,0.0,0.0,0.0,Immersive
Uttlesford,0.0,0.0,0.0,Immersive
Vale of White Horse,0.0,0.0,0.0,Immersive
Wakefield,0.0,0.0,0.0,Immersive
Waltham Forest,0.0,0.0,0.0,Immersive
Wandsworth,0.0,0.0,0.0,Immersive
Warrington,0.0,0.0,0.0,Immersive
Warwick,0.0,0.0,0.0,Immersive
Watford,0.0,0.0,0.0,Immersive
Waveney,0.0,0.0,0.0,Immersive
Waverley,0.0,0.0,0.0,Immersive
Wealden,0.0,0.0,0.0,Immersive
Welwyn Hatfield,0.0,0.0,0.0,Immersive
West Berkshire,0.0,0.0,0.0,Immersive
West Dorset,0.0,0.0,0.0,Immersive
West Oxfordshire,0.0,0.0,0.0,Immersive
Westminster,0.0,0.0,0.0,Immersive
Wigan,0.0,0.0,0.0,Immersive
Wiltshire,0.0,0.0,0.0,Immersive
Winchester,0.0,0.0,0.0,Immersive
Windsor and Maidenhead,0.0,0.0,0.0,Immersive
Wirral,0.0,0.0,0.0,Immersive
Woking,0.0,0.0,0.0,Immersive
Wokingham,0.0,0.0,0.0,Immersive
Wolverhampton,0.0,0.0,0.0,Immersive
Worcester,0.0,0.0,0.0,Immersive
Worthing,0.0,0.0,0.0,Immersive
Wycombe,0.0,0.0,0.0,Immersive
Wyre,0.0,0.0,0.0,Immersive
York,0.0,0.0,0.0,Immersive
Aberdeen City,0.0,0.0,0.0,Information Technology
Aberdeenshire,0.0,0.0,0.0,Information Technology
Adur,0.0,0.0,0.0,Information Technology
Allerdale,0.0,0.0,0.0,Information Technology
Amber Valley,0.0,0.0,0.0,Information Technology
Antrim and Newtownabbey,0.0,0.0,0.0,Information Technology
Argyll and Bute,0.0,0.0,0.0,Information Technology
Armagh Banbridge and Craigavon,0.0,0.0,0.0,Information Technology
Arun,0.0,0.0,0.0,Information Technology
Ashfield,0.0,0.0,0.0,Information Technology
Ashford,0.0,0.0,0.0,Information Technology
Aylesbury Vale,0.0,0.0,0.0,Information Technology
Babergh,0.0,0.0,0.0,Information Technology
Barking and Dagenham,0.0,0.0,0.0,Information Technology
Barnet,0.0,0.0,0.234375,Information Technology
Barnsley,0.0,0.0,0.0,Information Technology
Barrow-in-Furness,0.0,0.0,0.0,Information Technology
Basildon,0.0,0.0,0.9345794392523363,Information Technology
Basingstoke and Deane,0.0,0.0,0.0,Information Technology
Bassetlaw,0.0,0.0,0.0,Information Technology
Bath and North East Somerset,0.7063572149344097,0.0,0.0,Information Technology
Bedford,0.0,0.0,0.0,Information Technology
Belfast,0.0,0.0,0.0,Information Technology
Bexley,0.0,0.0,0.0,Information Technology
Birmingham,0.655307994757536,0.0,0.1310615989515072,Information Technology
Blaby,0.0,0.0,0.0,Information Technology
Blackburn with Darwen,0.0,0.0,0.0,Information Technology
Blackpool,0.0,0.0,0.0,Information Technology
Bolton,0.0,0.0,0.0,Information Technology
Bournemouth,0.0,0.0,0.0,Information Technology
Bracknell Forest,0.0,0.0,0.0,Information Technology
Bradford,0.0,0.0,0.0,Information Technology
Braintree,0.0,0.0,0.0,Information Technology
Breckland,0.0,0.0,0.0,Information Technology
Brent,0.0,0.0,0.0,Information Technology
Brentwood,0.0,0.0,0.0,Information Technology
Brighton and Hove,0.07604562737642585,0.0,0.0,Information Technology
"Bristol, City of",0.8237716975581053,0.0,0.11768167107972932,Information Technology
Broadland,0.0,0.0,0.0,Information Technology
Bromley,0.0,0.0,0.0,Information Technology
Bromsgrove,0.0,0.0,0.0,Information Technology
Broxbourne,0.0,0.0,0.0,Information Technology
Broxtowe,0.0,0.0,0.0,Information Technology
Burnley,0.0,0.0,0.0,Information Technology
Bury,0.0,0.0,0.0,Information Technology
Calderdale,0.0,0.0,0.0,Information Technology
Cambridge,0.04797313504437515,0.0,0.0,Information Technology
Camden,0.017763566924238385,0.0,0.017763566924238385,Information Technology
Canterbury,0.0,0.0,0.0,Information Technology
Castle Point,0.0,0.0,0.0,Information Technology
Causeway Coast and Glens,0.0,0.0,0.0,Information Technology
Central Bedfordshire,0.0,0.0,0.0,Information Technology
Charnwood,0.0,0.0,0.0,Information Technology
Chelmsford,0.0,0.0,0.0,Information Technology
Cheltenham,0.0,0.0,9.75609756097561,Information Technology
Cherwell,0.0,0.0,0.0,Information Technology
Cheshire East,0.0,0.0,0.0,Information Technology
Cheshire West and Chester,0.0,0.0,0.0,Information Technology
Chesterfield,0.0,0.0,0.0,Information Technology
Chichester,0.0,0.0,0.0,Information Technology
Chiltern,0.0,0.0,0.0,Information Technology
Chorley,0.0,0.0,0.0,Information Technology
City of Edinburgh,0.053763440860215055,0.0,0.0,Information Technology
City of London,0.023280951193148748,0.0,0.016629250852249106,Information Technology
Clackmannanshire,0.0,0.0,0.0,Information Technology
Colchester,0.0,0.0,0.0,Information Technology
Corby,0.0,0.0,0.0,Information Technology
Cornwall,0.0,0.0,0.0,Information Technology
Cotswold,0.0,0.0,0.0,Information Technology
County Durham,0.0,0.0,0.0,Information Technology
Coventry,0.0,0.0,0.0,Information Technology
Craven,0.0,0.0,0.0,Information Technology
Crawley,0.0,0.0,0.0,Information Technology
Croydon,0.0,0.0,1.0309278350515463,Information Technology
Dacorum,0.0,0.0,0.0,Information Technology
Darlington,0.0,0.0,0.0,Information Technology
Dartford,0.0,0.0,0.0,Information Technology
Daventry,0.0,0.0,0.0,Information Technology
Derby,0.0,0.0,0.0,Information Technology
Derbyshire Dales,0.0,0.0,0.0,Information Technology
Derry and Strabane,0.0,0.0,0.0,Information Technology
Doncaster,0.0,0.0,0.0,Information Technology
Dover,0.0,0.0,0.0,Information Technology
Dudley,0.0,0.0,0.0,Information Technology
Dumfries and Galloway,0.0,0.0,0.0,Information Technology
Dundee City,0.0,0.0,3.389830508474576,Information Technology
Ealing,0.0,0.0,0.0,Information Technology
East Ayrshire,0.0,0.0,0.0,Information Technology
East Cambridgeshire,0.0,0.0,0.0,Information Technology
East Coast,0.0,0.0,0.0,Information Technology
East Devon,0.0,0.0,0.0,Information Technology
East Dorset,10.0,0.0,0.0,Information Technology
East Dunbartonshire,0.0,0.0,0.0,Information Technology
East Hampshire,0.0,0.0,0.0,Information Technology
East Hertfordshire,0.0,0.0,0.0,Information Technology
East Lindsey,0.0,0.0,0.0,Information Technology
East Lothian,0.0,0.0,0.0,Information Technology
East Northamptonshire,0.0,0.0,0.0,Information Technology
East Renfrewshire,0.0,0.0,0.0,Information Technology
East Riding of Yorkshire,0.0,0.0,0.0,Information Technology
East Staffordshire,0.0,0.0,0.0,Information Technology
Eastbourne,0.0,0.0,0.0,Information Technology
Eastleigh,0.0,0.0,0.0,Information Technology
Elmbridge,0.0,0.0,0.0,Information Technology
Enfield,0.0,0.0,0.0,Information Technology
Epping Forest,0.0,0.0,0.0,Information Technology
Epsom and Ewell,0.0,0.0,0.0,Information Technology
Erewash,0.0,0.0,0.0,Information Technology
Exeter,2.8469750889679712,0.0,0.0,Information Technology
Falkirk,0.0,0.0,0.0,Information Technology
Fareham,0.0,0.0,0.0,Information Technology
Fenland,0.0,0.0,0.0,Information Technology
Fermanagh and Omagh,0.0,0.0,0.0,Information Technology
Fife,0.0,0.0,0.0,Information Technology
Forest Heath,0.0,0.0,0.0,Information Technology
Forest of Dean,33.33333333333333,0.0,0.0,Information Technology
Fylde,0.0,0.0,0.0,Information Technology
Gateshead,0.0,0.0,0.0,Information Technology
Gedling,0.0,0.0,0.0,Information Technology
Glasgow City,0.0,0.0,0.0,Information Technology
Gloucester,0.0,0.0,0.0,Information Technology
Gravesham,0.0,0.0,0.0,Information Technology
Greenwich,0.0,0.0,0.0,Information Technology
Guildford,0.0,0.0,0.0,Information Technology
Hackney,0.0,0.0,0.0,Information Technology
Halton,0.0,0.0,0.0,Information Technology
Hambleton,0.0,0.0,0.0,Information Technology
Hammersmith and Fulham,0.0,0.0,0.0,Information Technology
Harborough,0.0,0.0,0.0,Information Technology
Haringey,0.0,0.0,0.0,Information Technology
Harlow,0.0,0.0,0.0,Information Technology
Harrogate,0.0,0.0,0.0,Information Technology
Harrow,0.0,0.0,0.0,Information Technology
Hart,0.0,0.0,0.0,Information Technology
Hartlepool,0.0,0.0,0.0,Information Technology
Hastings,0.0,0.0,0.0,Information Technology
Havant,0.0,0.0,0.0,Information Technology
Havering,0.0,0.0,0.0,Information Technology
"Herefordshire, County of",1.8691588785046727,0.0,0.46728971962616817,Information Technology
Hertsmere,0.0,0.0,0.0,Information Technology
High Peak,0.0,0.0,0.0,Information Technology
Highland,0.0,0.0,0.0,Information Technology
Hillingdon,0.0,0.0,0.0,Information Technology
Hinckley and Bosworth,0.0,0.0,0.0,Information Technology
Horsham,0.0,0.0,0.0,Information Technology
Hounslow,0.0,0.0,0.0,Information Technology
Huntingdonshire,0.0,0.0,0.0,Information Technology
Hyndburn,0.0,0.0,0.0,Information Technology
Ipswich,0.0,0.0,0.0,Information Technology
Isle of Wight,0.0,0.0,0.0,Information Technology
Islington,0.009709680551509855,0.0,0.009709680551509855,Information Technology
Kensington and Chelsea,0.0,0.0,0.0,Information Technology
Kettering,0.0,0.0,0.0,Information Technology
King's Lynn and West Norfolk,0.0,0.0,0.0,Information Technology
"Kingston upon Hull, City of",0.0,0.0,0.0,Information Technology
Kingston upon Thames,0.0,0.0,0.0,Information Technology
Kirklees,0.0,0.0,0.0,Information Technology
Knowsley,0.0,0.0,0.0,Information Technology
Lambeth,0.0,0.0,0.08912655971479501,Information Technology
Lancaster,0.0,0.0,0.0,Information Technology
Leeds,0.0,0.0,0.0,Information Technology
Leicester,0.0,0.0,0.0,Information Technology
Lewes,0.0,0.0,0.0,Information Technology
Lewisham,0.29048656499636893,0.0,0.0,Information Technology
Lichfield,0.0,0.0,0.0,Information Technology
Lincoln,0.0,0.0,0.0,Information Technology
Lisburn and Castlereagh,0.0,0.0,0.0,Information Technology
Liverpool,0.0,0.0,0.0,Information Technology
Luton,0.0,0.0,0.0,Information Technology
Maidstone,0.0,0.0,0.0,Information Technology
Maldon,0.0,0.0,0.0,Information Technology
Malvern Hills,0.0,0.0,0.0,Information Technology
Manchester,0.0,0.0,0.08722197993894462,Information Technology
Mansfield,0.0,0.0,0.0,Information Technology
Medway,0.0,0.0,0.0,Information Technology
Melton,0.0,0.0,0.0,Information Technology
Mendip,0.0,0.0,0.0,Information Technology
Merton,0.0,0.0,0.0,Information Technology
Mid Devon,0.0,0.0,0.0,Information Technology
Mid Suffolk,0.0,0.0,0.0,Information Technology
Mid Sussex,0.0,0.0,0.0,Information Technology
Mid Ulster,0.0,0.0,0.0,Information Technology
Mid and East Antrim,0.0,0.0,0.0,Information Technology
Middlesbrough,0.0,0.0,0.0,Information Technology
Midlothian,0.0,0.0,0.0,Information Technology
Milton Keynes,0.0,0.0,0.0,Information Technology
Mole Valley,0.0,0.0,0.0,Information Technology
New Forest,0.0,0.0,0.0,Information Technology
Newark and Sherwood,0.0,0.0,0.0,Information Technology
Newcastle upon Tyne,0.0,0.0,0.0,Information Technology
Newcastle-under-Lyme,0.0,0.0,0.0,Information Technology
Newham,0.0,0.0,0.0,Information Technology
Newry Mourne and Down,0.0,0.0,0.0,Information Technology
North Ayrshire,0.0,0.0,0.0,Information Technology
North Devon,0.0,0.0,0.0,Information Technology
North Dorset,0.0,0.0,0.0,Information Technology
North East Derbyshire,0.0,0.0,0.0,Information Technology
North Hertfordshire,0.0,0.0,0.0,Information Technology
North Kesteven,0.0,0.0,0.0,Information Technology
North Lanarkshire,0.0,0.0,0.0,Information Technology
North Lincolnshire,0.0,0.0,0.0,Information Technology
North Norfolk,0.0,0.0,0.0,Information Technology
North Somerset,0.0,0.0,0.0,Information Technology
North Tyneside,0.0,0.0,0.0,Information Technology
North Warwickshire,0.0,0.0,0.0,Information Technology
North West Leicestershire,0.0,0.0,0.0,Information Technology
Northampton,0.0,0.0,0.0,Information Technology
Northumberland,0.0,0.0,0.0,Information Technology
Norwich,1.6666666666666667,0.0,0.0,Information Technology
Nottingham,0.19138755980861244,0.0,0.0,Information Technology
Nuneaton and Bedworth,0.0,0.0,0.0,Information Technology
Oadby and Wigston,0.0,0.0,0.0,Information Technology
Oldham,0.0,0.0,0.0,Information Technology
Oxford,0.0,0.0,0.0,Information Technology
Perth and Kinross,0.0,0.0,0.0,Information Technology
Peterborough,0.0,0.0,0.0,Information Technology
Plymouth,0.0,0.0,0.0,Information Technology
Poole,0.0,0.0,0.0,Information Technology
Portsmouth,0.0,0.0,0.0,Information Technology
Preston,0.0,0.0,0.0,Information Technology
Reading,0.0,0.0,0.0,Information Technology
Redbridge,0.0,0.0,0.0,Information Technology
Redcar and Cleveland,0.0,0.0,0.0,Information Technology
Redditch,0.0,0.0,0.0,Information Technology
Reigate and Banstead,0.0,0.0,0.0,Information Technology
Renfrewshire,0.0,0.0,0.0,Information Technology
Ribble Valley,0.0,0.0,0.0,Information Technology
Richmond upon Thames,0.0,0.0,0.0,Information Technology
Rochdale,0.0,0.0,0.0,Information Technology
Rochford,0.0,0.0,0.0,Information Technology
Rossendale,0.0,0.0,0.0,Information Technology
Rother,0.0,0.0,0.0,Information Technology
Rotherham,0.0,0.0,0.0,Information Technology
Rugby,0.0,0.0,0.0,Information Technology
Runnymede,0.0,0.0,6.122448979591836,Information Technology
Rushcliffe,2.083333333333333,0.0,0.0,Information Technology
Rushmoor,0.0,0.0,0.0,Information Technology
Rutland,0.0,0.0,0.0,Information Technology
Salford,0.0,0.0,0.0,Information Technology
Sandwell,0.0,0.0,0.0,Information Technology
Scarborough,0.0,0.0,0.0,Information Technology
Scottish Borders,0.0,0.0,0.0,Information Technology
Sedgemoor,0.0,0.0,0.0,Information Technology
Sefton,0.0,0.0,0.0,Information Technology
Selby,0.0,0.0,0.0,Information Technology
Sevenoaks,0.0,0.0,0.0,Information Technology
Sheffield,0.0,0.0,0.0,Information Technology
Shepway,0.0,0.0,0.0,Information Technology
Shropshire,0.0,0.0,0.0,Information Technology
Slough,0.0,0.0,0.0,Information Technology
Solihull,0.0,0.0,0.0,Information Technology
South Ayrshire,0.0,0.0,0.0,Information Technology
South Bucks,0.0,0.0,0.0,Information Technology
South Cambridgeshire,0.0,0.0,0.0,Information Technology
South Derbyshire,0.0,0.0,0.0,Information Technology
South Gloucestershire,0.0,0.0,0.0,Information Technology
South Hams,0.0,0.0,0.0,Information Technology
South Holland,0.0,0.0,0.0,Information Technology
South Kesteven,0.0,0.0,0.0,Information Technology
South Lanarkshire,0.0,0.0,0.0,Information Technology
South Norfolk,0.0,0.0,0.0,Information Technology
South Northamptonshire,0.0,0.0,0.0,Information Technology
South Oxfordshire,0.0,0.0,0.0,Information Technology
South Ribble,0.0,0.0,0.0,Information Technology
South Somerset,0.0,0.0,0.0,Information Technology
South Tyneside,0.0,0.0,0.0,Information Technology
Southampton,1.5706806282722512,0.0,0.0,Information Technology
Southend-on-Sea,0.0,0.0,0.0,Information Technology
Southwark,0.022276676319893073,0.0,0.0,Information Technology
Spelthorne,0.0,0.0,0.0,Information Technology
St Albans,0.0,0.0,0.0,Information Technology
St Edmundsbury,0.0,0.0,0.0,Information Technology
St. Helens,0.0,0.0,0.0,Information Technology
Stafford,0.0,0.0,0.0,Information Technology
Staffordshire Moorlands,0.0,0.0,0.0,Information Technology
Stevenage,0.0,0.0,0.0,Information Technology
Stirling,0.0,0.0,0.0,Information Technology
Stockport,0.0,0.0,0.0,Information Technology
Stockton-on-Tees,0.0,0.0,0.0,Information Technology
Stoke-on-Trent,0.0,0.0,0.0,Information Technology
Stratford-on-Avon,0.0,0.0,0.0,Information Technology
Stroud,1.3513513513513513,0.0,0.0,Information Technology
Suffolk Coastal,0.0,0.0,0.0,Information Technology
Sunderland,0.0,0.0,0.0,Information Technology
Surrey Heath,0.0,0.0,0.0,Information Technology
Sutton,0.0,0.0,0.0,Information Technology
Swale,0.0,0.0,0.0,Information Technology
Swindon,0.8849557522123894,0.0,0.0,Information Technology
Tameside,0.0,0.0,0.0,Information Technology
Tamworth,0.0,0.0,0.0,Information Technology
Tandridge,0.0,0.0,0.0,Information Technology
Taunton Deane,5.263157894736842,0.0,0.0,Information Technology
Teignbridge,0.0,0.0,0.0,Information Technology
Telford and Wrekin,1.5151515151515151,0.0,0.0,Information Technology
Tendring,0.0,0.0,0.0,Information Technology
Test Valley,0.0,0.0,0.0,Information Technology
Tewkesbury,0.0,0.0,0.0,Information Technology
Thanet,0.0,0.0,0.0,Information Technology
Three Rivers,0.0,0.0,0.0,Information Technology
Thurrock,0.0,0.0,0.0,Information Technology
Tonbridge and Malling,0.0,0.0,0.0,Information Technology
Torbay,0.0,0.0,0.0,Information Technology
Torridge,0.0,0.0,0.0,Information Technology
Tower Hamlets,0.04415011037527594,0.0,0.02207505518763797,Information Technology
Trafford,0.0,0.0,0.0,Information Technology
Tunbridge Wells,0.0,0.0,0.0,Information Technology
Uttlesford,0.0,0.0,0.0,Information Technology
Vale of White Horse,0.0,0.0,0.0,Information Technology
Wakefield,0.0,0.0,0.0,Information Technology
Walsall,0.0,0.0,0.0,Information Technology
Waltham Forest,0.0,0.0,0.0,Information Technology
Wandsworth,0.0,0.0,0.13596193065941536,Information Technology
Warrington,0.0,0.0,0.0,Information Technology
Warwick,0.0,0.0,0.0,Information Technology
Watford,0.0,0.0,0.0,Information Technology
Waverley,0.0,0.0,1.8518518518518516,Information Technology
Wealden,0.0,0.0,0.0,Information Technology
Wellingborough,0.0,0.0,0.0,Information Technology
Welwyn Hatfield,0.0,0.0,0.0,Information Technology
West Berkshire,0.0,0.0,0.0,Information Technology
West Devon,0.0,0.0,0.0,Information Technology
West Dorset,0.0,0.0,0.0,Information Technology
West Dunbartonshire,0.0,0.0,0.0,Information Technology
West Lancashire,0.0,0.0,0.0,Information Technology
West Lindsey,0.0,0.0,0.0,Information Technology
West Lothian,0.0,0.0,0.0,Information Technology
West Oxfordshire,0.0,0.0,0.0,Information Technology
Westminster,0.04100041000410004,0.0,0.023428805716628594,Information Technology
Weymouth and Portland,0.0,0.0,0.0,Information Technology
Wigan,0.0,0.0,0.0,Information Technology
Wiltshire,0.823045267489712,0.0,0.0,Information Technology
Winchester,0.0,0.0,0.0,Information Technology
Windsor and Maidenhead,0.2617801047120419,0.0,0.0,Information Technology
Wirral,0.0,0.0,0.0,Information Technology
Woking,0.0,0.0,0.0,Information Technology
Wokingham,0.2801120448179272,0.0,0.0,Information Technology
Wolverhampton,0.0,0.0,0.0,Information Technology
Worcester,1.1627906976744187,0.0,0.0,Information Technology
Worthing,0.0,0.0,0.0,Information Technology
Wychavon,0.0,0.0,0.0,Information Technology
Wycombe,0.0,0.0,0.0,Information Technology
Wyre,0.0,0.0,0.0,Information Technology
Wyre Forest,0.0,0.0,0.0,Information Technology
York,0.0,0.0,0.0,Information Technology
