,tags,count
0,mobile_web,12
1,sql_server_2008,2
2,aws,27
3,smart_cities,10
4,digital_health,6
5,gpgpu,3
6,wordpress_training,12
7,drupal,29
8,executive_coaching,3
9,future_of_journalism,3
10,spatial_data,5
11,drones,5
12,game_development,38
13,life_sciences,5
14,help_for_business_startups,2
15,learn_to_code,6
16,tableau,2
17,data_architecture,2
18,drupal_mastering,4
19,openstack,23
20,database_development,37
21,adobe_creative_suite,3
22,text_analytics,13
23,distributed_programming_in_java,3
24,gis,2
25,fault-tolerance,2
26,redhat_-_openstack,2
27,creative_coding,4
28,data_analysis_and_modeling,12
29,career_network,3
30,industrial_design,6
31,seo_for_local_business,2
32,data_warehouse,2
33,xml,6
34,data_journalism,3
35,embedded_systems,12
36,sensors,14
37,data_warehousing,16
38,apache_storm,2
39,image_processing,5
40,product_management,25
41,cryptoequity,2
42,connected_objects,2
43,knitting,2
44,creative_thinking,3
45,digital_project_management,2
46,corona_sdk,4
47,symfony2,7
48,unix,5
49,mobile_security,4
50,artificial_intelligence_programming,8
51,board_games,2
52,php_application_development,22
53,independent_game_development,26
54,magento_enterprise,6
55,sql_server,17
56,drupal_users,9
57,apache_pig,3
58,d3,1
59,customer_experience,5
60,it_kanban,2
61,visualforce_development,5
62,microsoft_technology,11
63,c_sharp,3
64,project_management,13
65,iot_hacking,21
66,oracle_application_business_solutions,2
67,android_sdk,2
68,wordpress_small_business_web_sites,11
69,netsquared,4
70,ux_/_ui_design,7
71,apache_hive,3
72,social_innovation,6
73,experience_design,2
74,ethical_hacker,13
75,new_media,19
76,ipad,6
77,wordpress_websites,15
78,aws_s3,6
79,women_who_code,2
80,social_media_management,4
81,ui/ux,4
82,joomla,3
83,smart_contracts,5
84,drupal_8,2
85,furniture_design,3
86,knowledge_sharing,9
87,wordpress,40
88,puppet,9
89,coding_dojos,5
90,online_retailers,7
91,gambling,2
92,selling_on_ebay,2
93,newsql,2
94,rc_planes:_remote_controlled,2
95,internet_censorship,3
96,amazon.com,3
97,business_analysis,3
98,project_management_practices,5
99,youtube,5
100,computer_security,27
101,electronic_privacy,7
102,reporting,2
103,after_effects,1
104,swift_language,8
105,zend_framework,3
106,data_center_and_operations_automation,34
107,video_game_writing,2
108,monitoring,5
109,quantitative_finance,3
110,computer_graphics,12
111,windows,5
112,android_app_architecture,2
113,programming_languages,125
114,mobile_services,3
115,social_media,70
116,wordpress_user_community,7
117,building_an_online_business,5
118,application_lifecycle_management,2
119,raspberrypi,5
120,web_operations,6
121,reporters_and_journalists,4
122,agile_portfolio_management,4
123,theater,2
124,continuous_deployment,7
125,windows_phone_8_development,2
126,scala_lift,2
127,microsoft_windows,4
128,javascript_best_practices,9
129,unity_3d_developers,4
130,explore:_agile_scrum_xp_lean_kanban,12
131,postgresql_and_open_source_projects,1
132,computer_and_information_network_security,2
133,creative_problem_solving,6
134,data_integration,3
135,brand_design,4
136,politics,2
137,project_management_tools,9
138,lean_project_management,34
139,drupal_security,6
140,business_process_automation,2
141,perl,3
142,product_prototyping,2
143,copywriting_for_small_business_owners,2
144,repair,3
145,hack,8
146,lean_ux,16
147,raspberry_pi,23
148,vlogging,2
149,small_business_owners,11
150,digital_media,64
151,lucene_solr_nutch_mahout_and_open_source_search,5
152,sitecore_cms,2
153,digital_journalism,2
154,ppc_-_paid_search,4
155,vr_glasses,12
156,ui_design,34
157,medical_technology,2
158,online_marketing,96
159,aerial_videography,3
160,predictive_analytics,101
161,contractors,2
162,business_referral_networking,12
163,paas:_platform_as_a_service,7
164,virtualization,50
165,healthcare_it,8
166,elixir,2
167,creative_wrting,2
168,c/c++,9
169,lisp_&_scheme,12
170,agile_leadership,42
171,fab_lab,3
172,smart_property,3
173,behavioural_economics,2
174,qsmap,2
175,amazon,6
176,machine-to-machine,4
177,healthcare_solutions,3
178,women_in_technology,18
179,xamarin,4
180,sql_server_analysis_services,7
181,coding_for_beginners,2
182,data,10
183,unity,5
184,lamp,16
185,javascript_applications,29
186,user_centered_design,3
187,owl,3
188,lift,2
189,finding_wholesale_items_to_sell_on_ebay,2
190,getting_started_with_python,8
191,graphic_design_and_print_production,2
192,storytelling,10
193,social_media_analytics,4
194,search_engine_marketing,11
195,etl,5
196,create_a_blog,3
197,.net_content_management_systems,3
198,scrum_in_real_world,5
199,erlang_programming,11
200,php_cms,3
201,scala_programming,9
202,digital,2
203,crm,5
204,penetration_testing,8
205,symfony,5
206,transmedia_storytelling_&_publishing,3
207,community_organizations,2
208,all_forms_of_javascript,18
209,hpc_programming,2
210,solidworks,2
211,mobile_user_experience,38
212,cryptography,11
213,local_heritage,2
214,collaboration_between_creative_minds,14
215,web_security,14
216,configuration_management,42
217,media,14
218,biohacking,4
219,open_data,35
220,bluetooth_technology,2
221,information_visualization,1
222,bigdatadevelopers,2
223,internet_retail,5
224,wordpress_developers,14
225,workshop,2
226,marketing_measurement,2
227,containers,4
228,mac_development,2
229,asp.net_mvc,12
230,personal_development,6
231,data_structures,2
232,ux_technology,3
233,journalism,15
234,windows_8_metro_app_development,2
235,"search,_information_retrieval",4
236,usability_testing,2
237,unikernel,3
238,m2m_devices,10
239,web_accessibility,2
240,maker_innovation_ecosystem,2
241,asp.net,19
242,sql_server_reporting_services,7
243,alfresco,1
244,courses_and_workshops,9
245,e-commerce_-_internet_marketing,5
246,work_at_home_ebay_sellers,2
247,fba_fulfillment_by_amazon,4
248,azure,7
249,data_mining,105
250,community_management,3
251,cassandra,15
252,scrum_practices,11
253,object_oriented_programming,12
254,java_virtual_machine,6
255,scientific_computing,2
256,networking_for_graphic_designers_&_marketing_pros,5
257,geospatial,2
258,computational_science_and_engineering,4
259,introduction_to_alfresco_cms,1
260,iaas_(infrastructure_as_a_service),37
261,"technology_(security,_audits)",3
262,transmedia_production,4
263,python/linux_devop,8
264,akka,3
265,oculus_rift,17
266,php_html5_nginx_mongodb_linux,2
267,robots,7
268,the_future_of_video_games,8
269,bitcoin,17
270,futurists,2
271,money,6
272,android_app_marketing,4
273,vr,16
274,business_process_improvement,2
275,adobe_air,2
276,m2m,15
277,gpu_programming,4
278,data_management,43
279,agile_ux,8
280,emerging_technologies,5
281,internet_privacy,9
282,multimedia_design,2
283,jobs,3
284,gaming,11
285,belief_networks,3
286,sustainability,7
287,mobile_app_development,12
288,cocoa_touch,4
289,open_source_community,12
290,building_private_cloud_with_openstack,3
291,business_analytics,38
292,saas_(software_as_a_service),54
293,visual_effects_cg_animation,7
294,professional_engineer,2
295,scrum_alliance,3
296,graphical_user_interfaces,5
297,3d_animation,15
298,self-improvement,22
299,common_lisp,3
300,3d,6
301,job_search,5
302,web_services,8
303,"html,_xhtml,_css_&_javascript",8
304,cloud_foundry,2
305,blog_writers,2
306,infrastructure_as_code,48
307,new_media_and_interactive_design,6
308,artificial_intelligence,53
309,leadership_development,3
310,mule_esb,2
311,jboss_user_group_(jbug),3
312,digital_marketing,32
313,interactive_marketing,2
314,drupal_theming,8
315,uk_aws_users,4
316,linked_data,8
317,data_warehouses,6
318,social_coding,17
319,fundraising,4
320,java_server_side,4
321,cross_platform_mobile_game_development,5
322,customer_experience_management,2
323,seo_for_small_businesses,3
324,computer_vision,6
325,collaboration,13
326,google_apps,6
327,kubernetes,6
328,coldfusion,2
329,api_documentation,2
330,kdb+,2
331,facebook,8
332,unity_game_engine,3
333,microcontrollers,25
334,unity_3d_artists,2
335,digital_strategy,8
336,linux,62
337,content_management,9
338,pentaho,2
339,mobile_product_management,5
340,it_infrastructure,5
341,restarters,2
342,adobe_photoshop,2
343,html_5/css3,4
344,smart_grid,8
345,using_mongodb_in_the_cloud,6
346,drupal_designers,3
347,blogging,29
348,quantitative_analysis,4
349,sql_server_2012,3
350,kanban_software_development,4
351,cross_mobile_development,4
352,django,10
353,apps,11
354,leveraging_big_data,12
355,genetics,3
356,visual_thinking,2
357,spark,7
358,social_augmented_reality,3
359,algorithms,7
360,messaging_systems,3
361,mobile_health,6
362,product_development,29
363,jvm_languages,12
364,agile_programming_and_python,4
365,c_/_c_+_+,3
366,microsoft_sharepoint_technology,5
367,force.com,8
368,digital_access,2
369,f-sharp,2
370,business_intelligence_tools_and_technology,6
371,user_group,8
372,data_science,139
373,video_games,15
374,learn_blogging,3
375,apple_software,3
376,opencl,2
377,database_integration_&_migrations,2
378,interactive,3
379,public_health,2
380,banking,7
381,learning,18
382,social,11
383,sql_server_integration_services,6
384,applied_statistics,16
385,website_design,8
386,artificial_intelligence_applications,15
387,software_development_technologies,7
388,kanban,59
389,html_and_css,16
390,j2ee,5
391,microsoft_.net_user_group,9
392,finance,8
393,android,29
394,crypto-anarchy,2
395,education,9
396,ux_design,72
397,phonegap,4
398,augmented_reality,19
399,coffeescript,5
400,healthcare_professionals,6
401,sencha_touch,3
402,json,6
403,3d_printing,43
404,open_source_hardware,9
405,apache_kafka,3
406,financial_technology,13
407,user_experience_research,3
408,postgresql,5
409,music_production,3
410,enterprise_content_management_ecm,1
411,real_time_analytics,8
412,creative_freelancers,3
413,lean_startup,124
414,free_software_foundation,2
415,games,9
416,wordpress_users,20
417,machine_vision,2
418,application_security,8
419,apache_mesos,3
420,enterprise_technology,2
421,computers,12
422,digital_video,10
423,digital_design,2
424,video_game_entrepreneurs,4
425,r_project_for_statistical_computing,18
426,adobe_indesign,3
427,music,8
428,docker,31
429,backend,2
430,reprap,3
431,pmp,3
432,programming_with_html_css_php_mysql,2
433,mac,4
434,censorship_and_freedom_of_speech,5
435,high_frequency_trading,3
436,internet_of_things,71
437,biotech_&_medical,6
438,copyright,5
439,middleware,7
440,php5,2
441,microservices,7
442,mathematical_modelling,2
443,adobe_illustrator,3
444,salesforce.com_and_force.com,5
445,healthcare_innovation,13
446,distributed_scala_programming,3
447,data_storage,4
448,hackers_and_makers,5
449,crafts,5
450,google_chrome,3
451,user_research,32
452,semantic_technologies,3
453,hackshackers,6
454,drupal_modules,8
455,visual_effects,4
456,blogging_to_promote_yourself,2
457,synthetic_biology,2
458,unmanned_vehicles,3
459,android_game_development,6
460,multi-rotor_aircraft,3
461,windows_phone,4
462,front-end_development,40
463,sharepoint_professionals,2
464,smart_sensors,34
465,app_development,2
466,technology,244
467,web_api_design,6
468,bayesian_networks,3
469,cocoa_programming_language,3
470,d3.js,1
471,multiplatform,2
472,php,88
473,user_testing,3
474,continuous_delivery,50
475,facebook_marketing,6
476,payments,2
477,scrum_development,4
478,creativity,19
479,transmedia,2
480,php_women,2
481,rich_internet_applications,29
482,motion_graphics,6
483,nodejs,46
484,business_strategy,79
485,os_x_development,3
486,video_game_development,16
487,scala_play_framework,4
488,predictive_modeling,3
489,travel_blogging,2
490,pinterest,2
491,high_performance_computing,12
492,rails,2
493,building_android_apps_with_appcelerator_titanium,2
494,c++_programming,4
495,microsoft_biztalk,2
496,episerver,2
497,investing,9
498,science,7
499,salesforce.com_integration,6
500,postgres,2
501,cryptocurrency,19
502,beginner_php_programming,2
503,avinash_kaushik,2
504,big_data_for_social_media,2
505,live_coding,2
506,gtug,2
507,financial_innovation,10
508,human-centered_design,3
509,magento_meetups,5
510,digital_marketing_strategy,10
511,ios_platform,4
512,advertising_agency_community,2
513,3d_modeling,21
514,mobile_advertising,2
515,mobile_developers,3
516,vfx,2
517,london,14
518,community_building,5
519,transhumanism,2
520,virtual_world,8
521,sql_server_web_services_+_more_data_access_methods,2
522,quants,3
523,aerial_photography,4
524,freelancer_networking,3
525,distributed_systems,15
526,bristol,7
527,clean_code,8
528,hadoop,82
529,pair_programming,10
530,digital_&_social_media,6
531,google_seo,3
532,cms_(content_management_systems),64
533,css,41
534,drone,4
535,xaml,2
536,google,13
537,oracle,10
538,design_thinking,12
539,autocad,2
540,web_2.0,2
541,medical_devices,2
542,google_tv,2
543,selling_on_amazon,4
544,ibm,1
545,pmp_certification,3
546,deep_learning,15
547,management,2
548,iphone_game_development,4
549,elasticsearch,9
550,networking_for_marketing_professionals,3
551,apache_lucene_and_solr_open_source_search,11
552,drupal_developers,9
553,computer_science,32
554,salesforce_implementation,3
555,statistical_computing,14
556,aws_design_implementation_and_servicing,14
557,3d_projects,3
558,ruby,38
559,graphic_design,59
560,ecommerce_workshops,3
561,project_management_methods,5
562,education_&_technology,95
563,aws_rds,2
564,wordpress_customization,21
565,wordpress_help,16
566,software_product_management,15
567,starting_a_business,2
568,ocaml_programming,5
569,the_open_web_application_security_project,2
570,independent_filmmaking,3
571,inbound_marketing,2
572,advanced_sql_server,7
573,entrepreneur_networking,42
574,sharepoint_architecture,2
575,blender_3d,3
576,business_analysts,5
577,automation,10
578,civic_engagement_&_technology,7
579,windows_phone_developers,3
580,google_analytics,9
581,go,5
582,opencv,3
583,apache_hadoop,5
584,javascript_libraries,31
585,e-commerce,40
586,gdg,2
587,marketing,45
588,what_is_bitcoin,4
589,java_concurrency,3
590,pharmaceutical_industry,2
591,ecommerce_technology,14
592,blog_marketing,4
593,seo_for_magento,2
594,single_page_applications,2
595,system_administration,53
596,professional_development,28
597,julia,2
598,ux/ui,3
599,web_components,3
600,software_engineering,41
601,communication_skills,5
602,professional_networking,93
603,strategic_organizational_change,2
604,wordpress_theme_development,4
605,decentralization,3
606,usability,42
607,geeks_&_nerds,9
608,film_and_video_production,10
609,net_neutrality,2
610,angular,7
611,front-end_engineering,4
612,couchdb,2
613,opengl,4
614,learning_drupal,16
615,accessible_web_design,3
616,website_optimization,3
617,concurrent_programming,6
618,text_mining,2
619,modeling,2
620,women_in_tech,10
621,apis,19
622,functional_programming_in_python,5
623,document_databases,2
624,angularjs,23
625,ux_creatives,2
626,freelancers_in_london,2
627,web_design,266
628,cg_artists,8
629,interaction_design,62
630,open_source_tools,2
631,product_marketing,6
632,virtual_worlds,9
633,startup_pitching,9
634,ux_research,3
635,groovy,2
636,drupal_community,10
637,neural_networks,17
638,mobile_app,3
639,powershell,3
640,web_analytics,11
641,jboss_solutions,4
642,designers,3
643,magento_developers,6
644,enterprise_business_architecture,2
645,f#_programming,9
646,growth_hacking,3
647,web_application_security,14
648,scrum_coaching,5
649,agile_transformation,44
650,devops,96
651,design_futures,5
652,branded_content,2
653,inclusive_design,2
654,xcode_users,3
655,stream_processing,3
656,gamification,5
657,peer2peer,2
658,haskell,16
659,aws_programming_and_tools,11
660,technology_innovation,4
661,ruby_on_rails,34
662,ec2,18
663,bring_angel_investors_and_startups_together,4
664,apple,6
665,venture_capital,25
666,stereoscopic_equipment_and_methods,2
667,game_night,2
668,data_science_using_python,5
669,health_2.0,4
670,semantic_web,4
671,adobe,5
672,red_hat,4
673,3d_scanning,7
674,bigdata,6
675,videoblogging,4
676,computer_aided_design,2
677,social_media_content,2
678,how_to_market_your_business_through_blogging,5
679,prototyping,6
680,women_software_developers,5
681,visualization,1
682,learning_to_code,4
683,secure_software_design,2
684,robotics,60
685,podcasting,6
686,adobe_flash,2
687,r_users_group,12
688,product_management_in_agile,21
689,diy_technology,12
690,smart_home,15
691,learn_coding,6
692,hbase,12
693,small_business_networking,3
694,meteor,9
695,technology_and_crisis_response,2
696,coffee,2
697,wordpress_plugins,22
698,freelance,11
699,user_experience_practices,2
700,talend,2
701,fsharp,2
702,linux_networking,4
703,arduino_and_robotics,12
704,diy_(do_it_yourself),28
705,agile_coaching,58
706,rapid_prototyping,6
707,user_experience_design,18
708,change_leadership,2
709,the_cloud,3
710,animation,9
711,couchbase,3
712,service-oriented_architecture,2
713,project_management_professional,4
714,programming_in_r,3
715,android_development_training,2
716,golang,7
717,innovation,86
718,mobile_game_development,15
719,human-computer_interaction,13
720,large_scale_scrum,3
721,social_media_for_business,6
722,metrics,4
723,3d_printers,2
724,mac_user_group,2
725,big_data_analytics,100
726,using_twitter_for_business,3
727,sql,25
728,behaviour_change,3
729,enterprise_application_integration,4
730,scala,27
731,3d_artists,16
732,r_programming_language,3
733,c#,38
734,service_design,10
735,go_programming_language,7
736,rendering,2
737,google_cloud_platform,4
738,linux_server,6
739,agile_data_warehousing_and_business_intelligence,3
740,virtual_reality,24
741,nonprofit,11
742,scala_akka,4
743,hardware,9
744,solr,6
745,bluemix,1
746,learning_erlang_and_otp,2
747,content_strategy,23
748,cloud_networking,2
749,emacs_lisp,1
750,machine_intelligence,13
751,scripting,3
752,drupal_websites,4
753,customer_success,5
754,business_intelligence,72
755,photography,5
756,software_project_management,2
757,database_professionals,28
758,servers,1
759,apex,7
760,right_to_individual_privacy,2
761,white_hat_hacking,10
762,amazon_seller,5
763,social_enterprise,4
764,iphone,14
765,open_government,7
766,copywriting,4
767,records_management,1
768,international_development,3
769,server_side_javascript,10
770,public_sector,2
771,ubuntu,5
772,laravel,8
773,introduction_to_functional_programming_in_r,2
774,entrepreneurship,254
775,radio_control_flying,2
776,geek_culture,5
777,iphone_application_development,2
778,using_technology_to_scale_your_business,2
779,"game_design,_game_modding,_3d_modeling",5
780,android_development,105
781,apache,8
782,sitecore,2
783,fashion_design,3
784,salesforce.com_developers,11
785,google_apps_script,2
786,hackathon,17
787,open_source_frameworks,9
788,financial_services,4
789,sql_server_data_mining,5
790,ebay_seller,3
791,pragmatic_software_development,2
792,bioinformatics,9
793,hobby_electronics,3
794,kx,4
795,fun_times,2
796,open_source_content_management,2
797,uav,6
798,marklogic_server,3
799,operations_and_data_center_management,9
800,wearables,7
801,google_glass,2
802,lifestyle_blogging,2
803,wordpress_for_business,16
804,non_profit_organizations,2
805,application_programming_interface,6
806,game_production,9
807,cultural_heritage,2
808,linux_kernel,2
809,online_advertising,5
810,news_broadcasting,2
811,internet_professionals,159
812,risk_governance_and_compliance,2
813,writing,2
814,study_group,4
815,ecommerce_&_social_media,3
816,search_engines,7
817,crowdsourcing,3
818,javascript_testing,4
819,cissp,2
820,scrum_master,15
821,video_game_design,16
822,leadership,9
823,sharepoint,7
824,video_editing,3
825,data_governance,3
826,reactjs,6
827,hacking,90
828,mariadb,2
829,omniture,2
830,real_life_uses_of_aws_and_cloud_servers,4
831,game_art,3
832,graph_databases,11
833,webgl,5
834,openstack_-_quantum,2
835,neo4j,8
836,healthcare_startups,3
837,dev_ops,5
838,cybersecurity,19
839,apex_development,7
840,agile_and_scrum,4
841,google_plus,2
842,cloud_security,17
843,software_security,15
844,nosql,87
845,photoshop,5
846,organisational_culture,3
847,outsourcing_your_it,2
848,document_management_systems,2
849,web_programming,9
850,fpv,2
851,html5_game_development,2
852,sql_integration_services,5
853,apache_spark,18
854,kids,2
855,umbraco,5
856,software_defined_networking,2
857,women_programmers,4
858,data_analysis,4
859,javascript_frameworks,59
860,hibernate,2
861,a/b_testing,2
862,adobe_user_group,3
863,product_design,56
864,fintech,16
865,organic_search_engine_optimization,2
866,finance_professionals,5
867,social_crm,3
868,twig,3
869,high_tech,3
870,new_product_development:_software_&_tech,54
871,culture,3
872,trading,3
873,business_analysis_tools_and_techniques,3
874,togaf,2
875,app_developers,2
876,hardware_hacking_and_reverse_engineering,3
877,social_entrepreneurship,7
878,wwc,2
879,mobile_marketing,11
880,mobile_games,3
881,twitter,14
882,linux_user_group,6
883,indie_games,13
884,data_visualization,120
885,web_performance,9
886,business_intelligence_in_cloud,3
887,business_intelligence_data_warehousing,6
888,statistics_and_data_analysis,8
889,future_of_news,3
890,personal_kanban,3
891,backbone.js,5
892,small_business_marketing_strategy,10
893,web_application,10
894,python_web_development,10
895,ux_and_sustainable_web_design,2
896,mobile_development,263
897,java,92
898,beginner_web_developer,2
899,geospatial_technologies,2
900,bitcoin_miners,7
901,print_and_web_design,2
902,social_media_for_social_change,3
903,food_bloggers,2
904,information_architecture,33
905,cad/cam,6
906,seo_(search_engine_optimization),48
907,accessibility,3
908,otp,2
909,ebay,2
910,business_process_management,5
911,marketing_analytics,2
912,ansible,8
913,recruiting_and_hiring,3
914,startup_incubation,14
915,geeks,1
916,coreos,3
917,infographics,2
918,css3,6
919,computer_networking,2
920,sharepoint_administrators,2
921,mobile_design,5
922,makerspaces,60
923,crisismapping,2
924,graphic_design_professionals,3
925,typography,2
926,digital_marketing_workshop,2
927,network_management_and_monitoring,2
928,creative_circle,4
929,user_interface_design,15
930,angel_investors,9
931,physician_entrepreneurship,2
932,online_selling,4
933,mobile_social,3
934,management_3.0,2
935,product_lifecycle_management,2
936,groovy_programming_language,2
937,content_marketing,14
938,wordpress_small_business_websites,2
939,customer_service,3
940,digital_marketing_professionals,8
941,ethereum,5
942,marketing_strategy,5
943,creative_design,3
944,frontend,2
945,elixir_programming,4
946,salesforce.com,10
947,programmers,4
948,objective_c,16
949,mentor,2
950,data_analytics,163
951,documentation,2
952,database_engineers,1
953,technological_singularity,8
954,print_design,3
955,perl_scripting,2
956,ios,32
957,women_entrepreneurs,24
958,jboss_application_server,3
959,girls_in_tech,4
960,hardware_engineering,3
961,social_game_developers,3
962,c#.net,5
963,geographic_information_systems:_gis,2
964,algorithmic_trading,4
965,master_data_management,2
966,openshift,2
967,artificial_general_intelligence,3
968,teachers,5
969,mapreduce,33
970,information_security,29
971,game_programming,20
972,network_security,17
973,customer_satisfaction,3
974,virtual_currency,11
975,artificial_intelligence_machine_learning_robotics,8
976,conscious_business,2
977,kinect,2
978,futurology,8
979,wearable_technologies,22
980,web_design_and_development,5
981,career,2
982,golang_programming_language,3
983,simulations,2
984,google_technology_user_group,13
985,personal_privacy_issues,3
986,indie_game_development,2
987,heroku,7
988,architecture,8
989,tessel,2
990,python,61
991,digital_currency,18
992,swift,5
993,windows_8_development,2
994,scalability,4
995,drupal_7,5
996,sql_server_azure,5
997,customer_relationship_management,6
998,mongodb,26
999,web_&_new_technology,5
1000,user_experience,106
1001,games_development,2
1002,linkedin,3
1003,lua_programming,3
1004,etsy_sellers,3
1005,ecommerce_marketing,8
1006,ember_js,5
1007,lean,14
1008,networking_for_job_seekers,5
1009,.net_developers,5
1010,wordpress_themes,24
1011,amazon_web_services,29
1012,helping_non-profits,2
1013,web_standards,27
1014,lean_six_sigma,4
1015,intellectual_discussion,8
1016,business_intelligence_best_practices,12
1017,illustration,4
1018,digital_marketer,2
1019,internet_startups,112
1020,google_web_toolkit_(gwt),2
1021,civic_hacking,5
1022,creative_technologists,3
1023,responsive_web_design,4
1024,computational_biology,4
1025,information_retrieval,3
1026,web_application_development,10
1027,craft_cms,3
1028,educational_apps,2
1029,ui/ux_design,8
1030,clojure,19
1031,small_business,37
1032,wordpress_seo,10
1033,machine_learning,116
1034,seo_for_small_to_medium_sized_businesses,2
1035,hackathons,15
1036,data_quality,4
1037,digital_storytelling,3
1038,public_relations,2
1039,digital_content_strategy,3
1040,customer_support,2
1041,natural_language_processing,18
1042,google_maps,2
1043,functional_programming,66
1044,game_design,30
1045,gpu,3
1046,google_cardboard,4
1047,computer_programming_c/c++,2
1048,seo_&_internet_marketing,2
1049,cross_platform_development,8
1050,biotechnology,12
1051,blockchain,5
1052,jquery,19
1053,sharepoint_technologies,2
1054,math,3
1055,datomic,2
1056,adobe_after_effects,2
1057,iot,19
1058,probabilistic_graphical_models,2
1059,sustainable_frameworks_in_javascript,6
1060,agile_mindset,4
1061,vim,1
1062,website_development,3
1063,content,5
1064,arduino,59
1065,dba,2
1066,play_framework,5
1067,social_networking,58
1068,opscode_chef,7
1069,analytics,13
1070,sql_azure,2
1071,technical_architecture,2
1072,html,13
1073,technology_startups,208
1074,applied_math,2
1075,.net,65
1076,genomics,4
1077,magento,9
1078,ux_strategy,2
1079,windows_8,2
1080,statistical_modeling,2
1081,ontology,2
1082,scaled_agile_framework_(safe),4
1083,pay_per_click,5
1084,internet_business,2
1085,e-commerce_business,6
1086,digital_marketing_analytics,4
1087,web_mapping,2
1088,business_architecture,2
1089,erp_software,2
1090,elm_programming,2
1091,git,4
1092,coders,23
1093,digital_publishing,12
1094,ios_development,120
1095,live_music,10
1096,best_practices_for_high_performance_ecommerce,5
1097,mhealth,4
1098,developing_mobile_apps,8
1099,digital_rights,9
1100,yii_framework,2
1101,coworking,5
1102,business_startup,4
1103,publishers,2
1104,silverlight,2
1105,private_cloud,3
1106,creative_industries,2
1107,mathematics,7
1108,health_information_technology,3
1109,salesforce.com_admins,2
1110,beginner_ios_developers,4
1111,windows_powershell,3
1112,software_freedom,2
1113,iphone_ipad_ios_developers,6
1114,wordpress_workshops,3
1115,high_scalability_computing,45
1116,android_enthusiasts,8
1117,ios_game_development,5
1118,scaling_agile,9
1119,mobile_payment,3
1120,html5,103
1121,internet_&_social_media,4
1122,iphone_app_marketing,3
1123,business_intelligence_strategy,9
1124,3d_gaming,8
1125,uk_software_developers,2
1126,artists,4
1127,paas_(platform_as_a_service),31
1128,government,1
1129,speech_recognition,2
1130,embedded_systems_programming,2
1131,risk_management,5
1132,facilitation,3
1133,mysql,32
1134,learn_wordpress,4
1135,magento_designers,5
1136,manufacturing,4
1137,unity_3d,15
1138,microsoft,10
1139,medical_device_technology,4
1140,qlikview,3
1141,crypto-capitalism,1
1142,sem_for_magento,2
1143,clojurescript,4
1144,php_framework,13
1145,social_media_marketing,49
1146,women_science_technology_engineering_&_mathematics,3
1147,performing_arts,2
1148,xquery,3
1149,video,4
1150,.net_development,12
1151,quantified_self,9
1152,branding,2
1153,trends_and_forecasting,2
1154,distributed_computing,2
1155,video_game_developers,7
1156,javascript,192
1157,supercomputing,2
1158,urban_design,5
1159,solution_architecture,3
1160,content_strategy_and_seo,12
1161,agile_business_analysts,5
1162,digital_art,6
1163,enterprise_search,14
1164,windows_azure_platform,18
1165,service_oriented_architectures,3
1166,jboss_enterprise_middleware,4
1167,windows_mobile,3
1168,xslt,3
1169,people_helping_people,3
1170,web_content_management,2
1171,decentralized_systems,3
1172,makers,72
1173,basics_of_iphone_app_development,3
1174,apple_mobile_device_application_development,3
1175,local_history,2
1176,riak,5
1177,e-business_owners,10
1178,scrumban,2
1179,cloud_computing,192
1180,parallel_programming,6
1181,webtrends,2
1182,salesforce.com_chatter,3
1183,content_management_systems,4
1184,digital_photography,8
1185,owasp,2
1186,system_integration,2
1187,volunteering,8
1188,payment_systems,3
1189,gnu/linux,2
1190,open_source_python,7
1191,marklogic,3
1192,hive,9
1193,unreal_engine,4
1194,cloud_storage,5
